symbol,dd,ts,rec5,rec20,rec60,max_further,bucket
SNDKUSDT,-0.25456166677540726,1783872000000,False,False,False,-0.40256739409499354,20-30%
SNDKUSDT,-0.23182183945542734,1783958400000,False,False,False,-0.42025276318173577,20-30%
SNDKUSDT,-0.32796589895826544,1784044800000,False,False,False,-0.3373116553616735,30%+
SNDKUSDT,-0.36976577281920797,1784131200000,False,False,False,-0.2933592833381645,30%+
SNDKUSDT,-0.3540766838476763,1784217600000,False,False,False,-0.3105231614601922,30%+
SNDKUSDT,-0.4153237206672321,1784304000000,False,False,False,-0.23829787234042554,30%+
SNDKUSDT,-0.40944738043974693,1784390400000,False,False,False,-0.24587724919165366,30%+
SNDKUSDT,-0.3769513494704334,1784476800000,False,False,False,-0.28520964521578873,30%+
SNDKUSDT,-0.33013636067071184,1784563200000,False,False,False,-0.3351644427128989,30%+
SNDKUSDT,-0.30411256823470567,1784649600000,False,False,False,-0.3600270020251519,30%+
SNDKUSDT,-0.2854135403753726,1784736000000,False,False,False,-0.3767735730763846,20-30%
SNDKUSDT,-0.34051456036188865,1784822400000,False,False,False,-0.32470204921546775,30%+
SNDKUSDT,-0.37513755681694616,1784908800000,False,False,False,-0.2872844722572202,30%+
SNDKUSDT,-0.3634501207020291,1784995200000,False,False,False,-0.3003703551856559,30%+
SNDKUSDT,-0.4425741066962442,1785081600000,False,False,False,-0.2010612149350396,30%+
SNDKUSDT,-0.5154955307627063,1785168000000,False,False,False,-0.08081515396355154,30%+
SNDKUSDT,-0.554650834040147,1785254400000,False,False,False,0.18694573582841745,30%+
SNDKUSDT,-0.4562971662208304,1785340800000,False,False,False,-0.027768000000000015,30%+
SNDKUSDT,-0.46856745177355874,1785427200000,False,False,False,-0.005320063185981216,30%+
SNDKUSDT,-0.47139470650921034,1785513600000,False,False,False,0.0024520896246986723,30%+
SNDKUSDT,-0.4612035405928536,1785600000000,False,False,False,-0.01650897700852494,30%+
SNDKUSDT,-0.45391357299754254,1785686400000,False,False,False,-0.029638066715519162,30%+
SNDKUSDT,-0.38689023727191674,1785772800000,False,False,False,-0.13571514717254196,30%+
SNDKUSDT,-0.3886996803027337,1785859200000,False,False,False,-0.13315687237176344,30%+
SNDKUSDT,-0.44141710706596204,1785945600000,False,False,False,-0.0513467423552223,30%+
SNDKUSDT,-0.46372197211891875,1786032000000,False,False,False,-0.011890374960460082,30%+
SNDKUSDT,-0.47009851895348087,1786118400000,False,False,False,0.005614518949001335,30%+
SNDKUSDT,-0.4671233770470412,1786204800000,False,False,False,0.017631069863114357,30%+
SNDKUSDT,-0.4577281920793371,1786291200000,False,False,False,0.019170456641881328,30%+
SNDKUSDT,-0.4473325938974795,1786377600000,False,False,False,0.08411707762413334,30%+
SNDKUSDT,-0.4008438267980253,1786464000000,False,False,False,0.07244335712055983,30%+
SNDKUSDT,-0.3334725212587808,1786550400000,False,False,False,-0.03595713856876237,30%+
SNDKUSDT,-0.29420412779191407,1786636800000,False,False,False,-0.08959363021212086,20-30%
SNDKUSDT,-0.2812683499706401,1786723200000,False,False,False,-0.10597918179617538,20-30%
SNDKUSDT,-0.27907179052217224,1786809600000,False,False,False,-0.10870312829949624,20-30%
SNDKUSDT,-0.22433613883995573,1786896000000,False,False,False,-0.1715985622080537,20-30%
SNDKUSDT,-0.2840738565929406,1786982400000,False,False,False,-0.10247577386919415,20-30%
SNDKUSDT,-0.308496987886301,1787068800000,False,False,False,-0.07077619826393255,30%+
SNDKUSDT,-0.30334703464474455,1787155200000,False,False,False,-0.07764541345121256,30%+
SNDKUSDT,-0.3046693199364956,1787241600000,False,False,False,-0.07589140497935687,30%+
SNDKUSDT,-0.28190293379473796,1787328000000,False,False,False,-0.07303850208322882,20-30%
SNDKUSDT,-0.27338677336649686,1787414400000,False,False,False,-0.0839028141239504,20-30%
SNDKUSDT,-0.32918339483893644,1787500800000,False,False,False,-0.007704450041981503,30%+
SNDKUSDT,-0.3114177353017875,1787587200000,False,False,False,-0.01849034289852569,30%+
SNDKUSDT,-0.31440061121506446,1787673600000,False,False,False,-0.014220033498154927,30%+
SNDKUSDT,-0.3241498574899008,1787760000000,False,False,False,0.0038516733456082086,30%+
SNDKUSDT,-0.32154670351036907,1787846400000,False,False,False,0.003951529700533252,30%+
SNDKUSDT,-0.3188657751588656,1787932800000,False,False,False,0.0036874592801059425,30%+
SNDKUSDT,-0.2741615057680632,1788019200000,False,False,False,0.013825686599925113,20-30%
SNDKUSDT,-0.22539114428878204,1788105600000,False,False,False,0.014884684946335991,20-30%
SNDKUSDT,-0.18195111974639533,1788192000000,False,False,False,-0.039007712789229654,15-20%
SNDKUSDT,-0.20897331015441256,1788278400000,False,False,False,-0.006179343153921213,20-30%
SNDKUSDT,-0.21386133551487885,1788364800000,False,False,False,0.10315245881381174,20-30%
SNDKUSDT,-0.13129154310256674,1788451200000,False,False,False,-0.0017009805652669074,10-15%
SNDKUSDT,-0.09921771142243585,1788537600000,False,False,False,-0.037247055484603275,8-10%
SNDKUSDT,-0.09346558952858164,1788624000000,False,False,False,-0.04335589396503092,8-10%
SNDKUSDT,-0.08913488086716426,1788710400000,False,False,False,-0.04790425884241656,8-10%
SNDKUSDT,-0.08076490438695161,1788796800000,False,False,False,-0.05657344368798101,8-10%
SNDKUSDT,-0.09636465896308422,1788883200000,False,False,False,-0.04028676025416866,8-10%
SPCXUSDT,-0.3374686301434727,1783872000000,False,False,False,-0.22169811320754707,30%+
SPCXUSDT,-0.32458923244471805,1783958400000,False,False,False,-0.23653954010095335,30%+
SPCXUSDT,-0.3560774657890998,1784044800000,False,False,False,-0.19920582395764397,30%+
SPCXUSDT,-0.36289597045314637,1784131200000,False,False,False,-0.1906354515050167,30%+
SPCXUSDT,-0.4093943842037975,1784217600000,False,False,False,-0.1269141345305861,30%+
SPCXUSDT,-0.4018656186372461,1784304000000,False,False,False,-0.13790373654211519,30%+
SPCXUSDT,-0.3955206212415361,1784390400000,False,False,False,-0.14695284349052162,30%+
SPCXUSDT,-0.4148397177896681,1784476800000,False,False,False,-0.11878944813076542,30%+
SPCXUSDT,-0.3921587196363464,1784563200000,False,False,False,-0.15167095115681228,30%+
SPCXUSDT,-0.4098205407453004,1784649600000,False,False,False,-0.12628369704749676,30%+
SPCXUSDT,-0.4563663052227852,1784736000000,False,False,False,-0.051476352234125944,30%+
SPCXUSDT,-0.46242719825749323,1784822400000,False,False,False,-0.04078217211309787,30%+
SPCXUSDT,-0.47213409725839284,1784908800000,False,False,False,-0.023143164693218532,30%+
SPCXUSDT,-0.47128178417538713,1784995200000,False,False,False,-0.024717893605588293,30%+
SPCXUSDT,-0.4708082769070505,1785081600000,False,False,False,-0.025590551181102317,30%+
SPCXUSDT,-0.44855343529523184,1785168000000,False,False,False,-0.06491499227202469,30%+
SPCXUSDT,-0.4691983521947062,1785254400000,False,False,False,-0.028545941123996332,30%+
SPCXUSDT,-0.4568398124911217,1785340800000,False,False,False,-0.05064946386539959,30%+
SPCXUSDT,-0.4834982716984706,1785427200000,False,False,False,-0.0016501650165016146,30%+
SPCXUSDT,-0.4838297267863061,1785513600000,False,False,False,-0.0010090817356205317,30%+
SPCXUSDT,-0.4843505847814764,1785600000000,False,False,False,0.02112029384756653,30%+
SPCXUSDT,-0.4711397319948861,1785686400000,False,False,False,-0.004387142985047832,30%+
SPCXUSDT,-0.4329750461669587,1785772800000,False,False,False,-0.07139874739039664,30%+
SPCXUSDT,-0.45816563284246414,1785859200000,False,False,False,-0.02822686358472437,30%+
SPCXUSDT,-0.47345991760973527,1785945600000,False,False,False,0.16411870503597115,30%+
SPCXUSDT,-0.3870448411383115,1786032000000,False,False,False,0.02062572421784492,30%+
SPCXUSDT,-0.36715753586817557,1786118400000,False,False,False,-0.011447811447811485,30%+
SPCXUSDT,-0.3545622425304228,1786204800000,False,False,False,-0.030738757244516135,30%+
SPCXUSDT,-0.3698091765708603,1786291200000,False,False,False,-0.007288301149597998,30%+
SPCXUSDT,-0.36090723992613283,1786377600000,False,False,False,-0.021115803511891462,30%+
SPCXUSDT,-0.32998721530375486,1786464000000,False,False,False,-0.06628975265017667,30%+
SPCXUSDT,-0.3315024385624319,1786550400000,False,False,False,-0.06417339566510838,30%+
SPCXUSDT,-0.3503480278422274,1786636800000,False,False,False,-0.03702623906705527,30%+
SPCXUSDT,-0.33907855485581695,1786723200000,False,False,False,-0.05344605244304346,30%+
SPCXUSDT,-0.28519634376755354,1786809600000,False,False,False,-0.05615087869695656,20-30%
SPCXUSDT,-0.17727798908549697,1786896000000,False,False,False,-0.11477386934673361,15-20%
SPCXUSDT,-0.20373739044154127,1786982400000,False,False,False,-0.08535825545171327,20-30%
SPCXUSDT,-0.23047241056171108,1787068800000,False,False,False,-0.05358166189111746,20-30%
SPCXUSDT,-0.2717049776748801,1787155200000,False,False,False,0.023463518013926654,20-30%
SPCXUSDT,-0.19380301602262007,1787241600000,False,False,False,-0.011983048370597826,15-20%
SPCXUSDT,-0.20346371347785108,1787328000000,False,False,False,0.002440467386481293,20-30%
SPCXUSDT,-0.20151979264844477,1787414400000,False,False,False,0.007008483954260347,20-30%
SPCXUSDT,-0.1931550424128181,1787500800000,False,False,False,-0.0034314083375921456,15-20%
SPCXUSDT,-0.18255183788878404,1787587200000,False,False,False,-0.01635800245009733,15-20%
SPCXUSDT,-0.19592365692742686,1787673600000,False,False,False,0.024761904761904763,15-20%
SPCXUSDT,-0.16864985862393966,1787760000000,False,False,False,-0.0088570821228654,15-20%
SPCXUSDT,-0.17601319509896318,1787846400000,False,False,False,0.005433228481555474,15-20%
SPCXUSDT,-0.17153628652214892,1787932800000,False,False,False,0.0014931740614334554,15-20%
SPCXUSDT,-0.12743154503778964,1788019200000,False,False,False,0.0012779552715656006,10-15%
SPCXUSDT,-0.11491760624457925,1788105600000,False,False,False,-0.012878840904318678,10-15%
SPCXUSDT,-0.10438607359682817,1788192000000,False,False,False,-0.024486407968458135,10-15%
SPCXUSDT,-0.12631644158096877,1788278400000,False,False,False,0.03942423597816069,10-15%
MSTRUSDT,-0.31676146856762954,1783872000000,False,False,True,-0.007676505568169456,30%+
MSTRUSDT,-0.28292827066558324,1783958400000,False,False,True,-0.05449675491913042,20-30%
MSTRUSDT,-0.2748762650513408,1784044800000,False,False,True,-0.06499592502037488,20-30%
MSTRUSDT,-0.299106153505208,1784131200000,False,False,True,-0.03267284991568287,20-30%
MSTRUSDT,-0.30206101795080154,1784217600000,False,False,True,-0.02857747671464861,30%+
MSTRUSDT,-0.29637290389303395,1784304000000,False,False,True,-0.03643044619422575,20-30%
MSTRUSDT,-0.29592967422619487,1784390400000,False,False,True,-0.03703703703703709,20-30%
MSTRUSDT,-0.2660116717145601,1784476800000,False,False,True,-0.07628824476650564,20-30%
MSTRUSDT,-0.24281598581665065,1784563200000,False,False,True,-0.10458536585365852,20-30%
MSTRUSDT,-0.2629090640466869,1784649600000,False,False,True,-0.08017638805371818,20-30%
MSTRUSDT,-0.31048238162074315,1784736000000,False,False,True,-0.01671309192200554,30%+
MSTRUSDT,-0.31314175962177737,1784822400000,False,False,True,-0.012906001290600155,30%+
MSTRUSDT,-0.3191992317352442,1784908800000,False,False,True,-0.0041232638888888395,30%+
MSTRUSDT,-0.3074536455640098,1784995200000,False,False,True,-0.02101333333333333,30%+
MSTRUSDT,-0.28684346605599464,1785081600000,False,False,True,-0.04930598715558321,20-30%
MSTRUSDT,-0.2770185417743961,1785168000000,False,False,True,-0.06222540104219887,20-30%
MSTRUSDT,-0.2953387013370762,1785254400000,False,False,True,-0.03784463780270464,20-30%
MSTRUSDT,-0.28883799955677036,1785340800000,False,False,True,-0.046639659291575764,20-30%
MSTRUSDT,-0.32200635295855806,1785427200000,False,False,True,0.01677925473959463,30%+
MSTRUSDT,-0.30804461845312847,1785513600000,False,False,True,-0.0037365218319633797,30%+
MSTRUSDT,-0.3106301248430229,1785600000000,False,False,True,0.002678954136305256,30%+
MSTRUSDT,-0.299992612838886,1785686400000,False,False,True,-0.012558041367665806,20-30%
MSTRUSDT,-0.2872866957228337,1785772800000,False,False,True,-0.03016169154228865,20-30%
MSTRUSDT,-0.2886163847233508,1785859200000,False,False,True,-0.028348909657320953,20-30%
MSTRUSDT,-0.2815247100539262,1785945600000,False,False,True,-0.037939543491671945,20-30%
MSTRUSDT,-0.24939055920809639,1786032000000,False,True,True,-0.07912607026867435,20-30%
MSTRUSDT,-0.24931668759695647,1786118400000,False,True,True,-0.07921668962802608,20-30%
MSTRUSDT,-0.23661077048090418,1786204800000,False,True,True,-0.0945422875943488,20-30%
MSTRUSDT,-0.2749501366624806,1786291200000,False,True,True,-0.04666327050433028,20-30%
MSTRUSDT,-0.2897983305015882,1786377600000,False,True,True,-0.02673184938631168,20-30%
MSTRUSDT,-0.2960774174484745,1786464000000,False,True,True,-0.018050162661349733,20-30%
MSTRUSDT,-0.29267932333604196,1786550400000,False,True,True,-0.022767624020887833,20-30%
MSTRUSDT,-0.3087833345645269,1786636800000,False,True,True,0.0068397990809019316,30%+
MSTRUSDT,-0.2493037319964988,1786723200000,False,True,True,-0.0013779944880221162,20-30%
MSTRUSDT,-0.24005807856739536,1786809600000,False,True,True,0.015921876658528733,20-30%
MSTRUSDT,-0.16318704729441835,1786896000000,True,True,True,-0.025356415478615113,15-20%
MSTRUSDT,-0.18440562420110784,1786982400000,True,True,True,0.10437780796155072,15-20%
MSTRUSDT,-0.09927567106945034,1787068800000,True,True,True,0.07086092715231773,8-10%
MSTRUSDT,-0.11251360174102276,1788278400000,True,True,True,0.06678110184731056,10-15%
MUUSDT,-0.22000451531444143,1783872000000,False,False,False,-0.16741707939366657,20-30%
MUUSDT,-0.17848034583963945,1783958400000,False,False,False,-0.20950044784626665,15-20%
MUUSDT,-0.2442199794302342,1784044800000,False,False,False,-0.14074082269378008,20-30%
MUUSDT,-0.28494978803107207,1784131200000,False,False,False,-0.09179676080219845,20-30%
MUUSDT,-0.26027443077772117,1784217600000,False,False,False,-0.12209210318088304,20-30%
MUUSDT,-0.29675649912620305,1784304000000,False,False,False,-0.07654899349607025,20-30%
MUUSDT,-0.28849514603697546,1784390400000,False,False,False,-0.08727127428282666,20-30%
MUUSDT,-0.2525064175996923,1784476800000,False,False,False,-0.13121539235975177,20-30%
MUUSDT,-0.20321423494686153,1784563200000,False,False,False,-0.18496169587574773,20-30%
MUUSDT,-0.18560450862508682,1784649600000,False,False,False,-0.20258532177912858,15-20%
MUUSDT,-0.17134782136078208,1784736000000,False,False,False,-0.21630457815763715,15-20%
MUUSDT,-0.20835667639410338,1784822400000,False,False,False,-0.17966728280961186,20-30%
MUUSDT,-0.22684438052394373,1784908800000,False,False,False,-0.16005147949472232,20-30%
MUUSDT,-0.21123309892719477,1784995200000,False,False,False,-0.17667574816338216,20-30%
MUUSDT,-0.2661861480186968,1785081600000,False,False,False,-0.11501954215522059,20-30%
MUUSDT,-0.30658985057653876,1785168000000,False,False,False,-0.0634533987724143,30%+
MUUSDT,-0.35058908130074506,1785254400000,False,False,False,0.04962338247601883,30%+
MUUSDT,-0.28609534002826253,1785340800000,False,False,False,-0.04519899739979849,20-30%
MUUSDT,-0.30755144531870593,1785427200000,False,False,False,-0.015613679176930795,30%+
MUUSDT,-0.31683292500397187,1785513600000,False,False,False,-0.0022398472497612287,30%+
MUUSDT,-0.2952848410860168,1785600000000,False,False,False,-0.03274837148043985,20-30%
MUUSDT,-0.31836311489802915,1785686400000,False,False,False,0.050049681669304125,30%+
MUUSDT,-0.25275726840199686,1785772800000,False,False,False,-0.042141778101046246,20-30%
MUUSDT,-0.2348381594240465,1785859200000,False,False,False,-0.06457358919438738,20-30%
MUUSDT,-0.24809144347913337,1785945600000,False,False,False,-0.04808558433326293,20-30%
MUUSDT,-0.26730661493565677,1786032000000,False,False,False,-0.023121255349500713,20-30%
MUUSDT,-0.260550366660256,1786118400000,False,False,False,-0.03204686033494286,20-30%
MUUSDT,-0.26274113033371516,1786204800000,False,False,False,-0.029170588969162248,20-30%
MUUSDT,-0.2657847867350096,1786291200000,False,False,False,-0.02514605897024158,20-30%
MUUSDT,-0.2842474057846195,1786377600000,False,False,False,0.06701012862299804,20-30%
MUUSDT,-0.22769727325177902,1786464000000,False,False,False,-0.01111929148351054,20-30%
MUUSDT,-0.19742794310703804,1786550400000,False,False,False,-0.0484153278739764,15-20%
MUUSDT,-0.1958475830525198,1786636800000,False,False,False,-0.050285429079452215,15-20%
MUUSDT,-0.1836144255934712,1786723200000,False,False,False,-0.06451645943011652,15-20%
MUUSDT,-0.18113936434406708,1786809600000,False,False,False,-0.06734402123966088,15-20%
MUUSDT,-0.14147149080631816,1786896000000,False,False,False,-0.11043691684360202,10-15%
MUUSDT,-0.20849046348866573,1786982400000,False,False,False,-0.03511551991886663,20-30%
MUUSDT,-0.2181231342971579,1787068800000,False,False,False,-0.023228207513875998,20-30%
MUUSDT,-0.19727743262565534,1787155200000,False,False,False,-0.04859374999999999,15-20%
MUUSDT,-0.1897853553301615,1787241600000,False,False,False,-0.05739142998678992,15-20%
MUUSDT,-0.20016221685215696,1787328000000,False,False,False,-0.04516230202289473,20-30%
MUUSDT,-0.1900111210522355,1787414400000,False,False,False,-0.05712869958397426,15-20%
MUUSDT,-0.23628473238400238,1787500800000,False,False,False,0.001916023430229341,20-30%
MUUSDT,-0.20524926736474092,1787587200000,False,False,False,-0.013358634594443086,20-30%
MUUSDT,-0.18112162715170088,1787673600000,False,False,False,-0.02699656562004915,15-20%
MUUSDT,-0.20322853087913906,1787760000000,False,False,False,0.007277893126434343,20-30%
MUUSDT,-0.19742971328068537,1787846400000,False,False,False,0.013192154139906265,15-20%
MUUSDT,-0.18684208235017552,1787932800000,False,False,False,0.0005032550967962734,15-20%
MUUSDT,-0.11202448040902047,1788019200000,False,False,False,0.00390629180534896,10-15%
MUUSDT,-0.09517608588708515,1788105600000,False,True,True,0.007963413074069337,8-10%
MUUSDT,-0.08751724204454481,1788278400000,True,True,True,-0.0004968392566438995,8-10%
MUUSDT,-0.08797059929970774,1788364800000,True,True,True,0.03909001491258679,8-10%
INTCUSDT,-0.2557592183153842,1783872000000,False,False,False,-0.20344992812649731,20-30%
INTCUSDT,-0.23807146423222314,1783958400000,False,False,False,-0.22194140222783854,20-30%
INTCUSDT,-0.2799372370016405,1784044800000,False,False,False,-0.1767036450079238,20-30%
INTCUSDT,-0.2990514228657015,1784131200000,False,False,False,-0.15425315425315422,20-30%
INTCUSDT,-0.3186648598530776,1784217600000,False,False,False,-0.12990683554904214,30%+
INTCUSDT,-0.33136010270308824,1784304000000,False,False,False,-0.11338666666666664,30%+
INTCUSDT,-0.3307895299907282,1784390400000,False,False,False,-0.11414259831610352,30%+
INTCUSDT,-0.2956993081805863,1784476800000,False,False,False,-0.15827848101265818,20-30%
INTCUSDT,-0.2598958704799944,1784563200000,False,False,False,-0.19899778355979558,20-30%
INTCUSDT,-0.24477569360245355,1784649600000,False,False,False,-0.21503446973274154,20-30%
INTCUSDT,-0.2767277654946153,1784736000000,False,False,False,-0.18035696676856317,20-30%
INTCUSDT,-0.3071107624277869,1784822400000,False,False,False,-0.1444158517756048,30%+
INTCUSDT,-0.3409885172241638,1784908800000,False,False,False,-0.10043290043290043,30%+
INTCUSDT,-0.3248698380999929,1784995200000,False,False,False,-0.12190999366152533,30%+
INTCUSDT,-0.363098209828115,1785081600000,False,False,False,-0.06920492721164606,30%+
INTCUSDT,-0.37529420155481064,1785168000000,False,False,False,-0.05103322297065871,30%+
INTCUSDT,-0.4071749518579274,1785254400000,False,False,False,0.04331087584215587,30%+
INTCUSDT,-0.3422009842379289,1785340800000,False,False,False,-0.0597419494741408,30%+
INTCUSDT,-0.343342129662649,1785427200000,False,False,False,-0.05810796133376772,30%+
INTCUSDT,-0.35717851793737976,1785513600000,False,False,False,-0.03783423943193165,30%+
INTCUSDT,-0.3400613365665788,1785600000000,False,False,False,-0.06279044634172704,30%+
INTCUSDT,-0.3554667998002996,1785686400000,False,False,False,-0.040389509793072986,30%+
INTCUSDT,-0.2889237572213109,1785772800000,False,False,False,-0.13019057171514548,20-30%
INTCUSDT,-0.2831467085086655,1785859200000,False,False,False,-0.13720027857924588,20-30%
INTCUSDT,-0.28300406533057565,1785945600000,False,False,False,-0.1373719287774794,20-30%
INTCUSDT,-0.2745881178232652,1786032000000,False,False,False,-0.14737980532887618,20-30%
INTCUSDT,-0.2725197917409601,1786118400000,False,False,False,-0.14980392156862743,20-30%
INTCUSDT,-0.27030882248056487,1786204800000,False,False,False,-0.15238002150327434,20-30%
INTCUSDT,-0.29776763426289143,1786291200000,False,False,False,-0.11923623806621975,20-30%
INTCUSDT,-0.3046858284002568,1786377600000,False,False,False,-0.11047286901220632,30%+
INTCUSDT,-0.2823621710291705,1786464000000,False,False,False,-0.1381435102365336,20-30%
INTCUSDT,-0.24819912987661374,1786550400000,False,False,False,-0.17730765582013086,20-30%
INTCUSDT,-0.2641751658226945,1786636800000,False,False,False,-0.15944557526412717,20-30%
INTCUSDT,-0.2663148134940446,1786723200000,False,False,False,-0.15699426460581323,20-30%
INTCUSDT,-0.255188645603024,1786809600000,False,False,False,-0.16958728334769713,20-30%
INTCUSDT,-0.25140860138363896,1786896000000,False,False,False,-0.17378048780487798,20-30%
INTCUSDT,-0.31017759075672213,1786982400000,False,False,False,-0.10339123242349046,30%+
INTCUSDT,-0.33485486056629343,1787068800000,False,False,False,-0.07012652798627494,30%+
INTCUSDT,-0.34462591826545896,1787155200000,False,False,False,-0.05626292306018066,30%+
INTCUSDT,-0.3531131873618144,1787241600000,False,False,False,-0.04388092613009931,30%+
INTCUSDT,-0.3678054347050853,1787328000000,False,False,False,-0.02166064981949456,30%+
INTCUSDT,-0.35938948719777486,1787414400000,False,False,False,-0.03451347138721883,30%+
INTCUSDT,-0.3770772412809358,1787500800000,False,False,False,-0.0070986947561255676,30%+
INTCUSDT,-0.3715141573354255,1787587200000,False,False,False,-0.01588742623694972,30%+
INTCUSDT,-0.381499179801726,1787673600000,False,False,False,0.029174354243542533,30%+
INTCUSDT,-0.3520433635261394,1787760000000,False,False,False,-0.017611447440836536,30%+
INTCUSDT,-0.35839098495114474,1787846400000,False,False,False,-0.007892396620720277,30%+
INTCUSDT,-0.3586049497182797,1787932800000,False,False,False,-0.007561436672967936,30%+
INTCUSDT,-0.29790535298681153,1788019200000,False,False,False,-0.013812154696132617,20-30%
INTCUSDT,-0.2836407377706496,1788105600000,False,False,False,-0.000895555804320991,20-30%
INTCUSDT,-0.28428227746591817,1788192000000,False,False,False,0.011652661064425862,20-30%
INTCUSDT,-0.27594226142742584,1788278400000,False,False,False,0.0014398050725439315,20-30%
INTCUSDT,-0.27489975942261424,1788364800000,False,False,False,0.05076310550763119,20-30%
INTCUSDT,-0.23809141940657574,1788451200000,False,False,False,0.01420903062835488,20-30%
INTCUSDT,-0.14943949157030634,1788537600000,False,False,False,0.007471980074719831,10-15%
INTCUSDT,-0.1430841203989761,1788624000000,False,False,False,0.0023691800576843836,10-15%
INTCUSDT,-0.14105393238591224,1788710400000,False,False,False,0.044702497173980005,10-15%
NVDAUSDT,-0.09973285841495994,1785254400000,False,True,True,0.0065073663386954195,8-10%
NVDAUSDT,-0.09387449032197592,1785340800000,False,True,True,0.016499431054101565,8-10%
TSLAUSDT,-0.0833741687084355,1784131200000,False,False,False,-0.23071635863754392,8-10%
TSLAUSDT,-0.10708202076770501,1784217600000,False,False,False,-0.21029112005435635,10-15%
TSLAUSDT,-0.10834208377085519,1784304000000,False,False,False,-0.20917512823196904,10-15%
TSLAUSDT,-0.10824874577062182,1784390400000,False,False,False,-0.20925790244923603,10-15%
TSLAUSDT,-0.12591296231478244,1784476800000,False,False,False,-0.1932779839290958,10-15%
TSLAUSDT,-0.1103488507758722,1784563200000,False,False,False,-0.2073912815401563,10-15%
TSLAUSDT,-0.1166725002916813,1784649600000,False,False,False,-0.20171707832518826,10-15%
TSLAUSDT,-0.24174542060436355,1784736000000,False,False,False,-0.07004154485305425,20-30%
TSLAUSDT,-0.27345700618364255,1784822400000,False,False,False,-0.029451438848920874,20-30%
TSLAUSDT,-0.2735270096838176,1784908800000,False,False,False,-0.029357916037644927,20-30%
TSLAUSDT,-0.2640298681600748,1784995200000,False,False,False,-0.04188332276474316,20-30%
TSLAUSDT,-0.2784272546960681,1785081600000,False,False,False,-0.022766225786631344,20-30%
TSLAUSDT,-0.2761171391902928,1785168000000,False,False,False,-0.025884855908710036,20-30%
TSLAUSDT,-0.29485474273713685,1785254400000,False,False,False,0.011846851318706664,20-30%
TSLAUSDT,-0.28650099171625254,1785340800000,False,False,False,0.007391176374399011,20-30%
TSLAUSDT,-0.28122739470306857,1785427200000,False,False,False,0.0036035451092426563,20-30%
TSLAUSDT,-0.27863726519659326,1785513600000,False,False,False,0.010124862521834643,20-30%
TSLAUSDT,-0.27133356667833397,1785600000000,False,False,False,0.025202549076120073,20-30%
TSLAUSDT,-0.24445222261113053,1785686400000,False,False,False,-0.011272738503351087,20-30%
TSLAUSDT,-0.24260879710652206,1785772800000,False,False,False,-0.013679216217881596,20-30%
TSLAUSDT,-0.24762571461906424,1785859200000,False,False,False,-0.007102316781937179,20-30%
TSLAUSDT,-0.2529693151324234,1785945600000,False,False,False,0.01977259948772425,20-30%
TSLAUSDT,-0.22566795006416995,1786032000000,False,False,False,-0.01618249758919943,20-30%
TSLAUSDT,-0.22753471006883674,1786118400000,False,False,False,-0.01380497825036242,20-30%
TSLAUSDT,-0.2276280480690701,1786204800000,False,False,False,-0.013685800604229525,20-30%
TSLAUSDT,-0.2266013300665034,1786291200000,False,False,False,-0.014995172580255733,20-30%
TSLAUSDT,-0.2220044335550111,1786377600000,False,False,False,-0.020815212501124725,20-30%
TSLAUSDT,-0.23819857659549637,1786464000000,False,False,False,0.0213802187030967,20-30%
TSLAUSDT,-0.22191109555477784,1786550400000,False,False,False,0.017603838656470305,20-30%
TSLAUSDT,-0.20821374402053439,1786636800000,False,False,False,0.0026228928445124478,20-30%
TSLAUSDT,-0.20039668650099174,1786723200000,False,False,False,-0.0071789184930108885,20-30%
TSLAUSDT,-0.199929996499825,1786809600000,False,False,False,-0.00775804240674316,15-20%
TSLAUSDT,-0.20210010500525033,1786896000000,False,False,False,-0.00505936714043409,20-30%
TSLAUSDT,-0.20613697351534255,1786982400000,False,False,False,0.013050762764175161,20-30%
TSLAUSDT,-0.18963948197409874,1787068800000,False,False,False,-0.007573139829532338,15-20%
TSLAUSDT,-0.1924396219810991,1787155200000,False,False,False,-0.004131992602866452,15-20%
TSLAUSDT,-0.15337766888344417,1787241600000,False,False,False,-0.05007992944159645,15-20%
TSLAUSDT,-0.15564111538910275,1787328000000,False,False,False,-0.04753350835981773,15-20%
TSLAUSDT,-0.15237428538093578,1787414400000,False,False,False,-0.05120440467997256,15-20%
TSLAUSDT,-0.16866176642165454,1787500800000,False,False,False,-0.032615712802088304,15-20%
TSLAUSDT,-0.17468206743670522,1787587200000,False,False,False,-0.025559105431310014,15-20%
TSLAUSDT,-0.19577645548944123,1787673600000,False,False,False,0.01209923110401867,15-20%
TSLAUSDT,-0.17706218644265548,1787760000000,False,False,False,-0.010916721013979114,15-20%
TSLAUSDT,-0.18604596896511494,1787846400000,False,False,False,0.005016914167765618,15-20%
TSLAUSDT,-0.1819624314549061,1787932800000,False,False,False,0.004307271015774328,15-20%
TSLAUSDT,-0.17843892194609734,1788019200000,False,False,False,0.00022722108611694658,15-20%
TSLAUSDT,-0.11717127818822737,1788105600000,False,False,False,-0.03689320388349504,10-15%
TSLAUSDT,-0.13276836158192096,1788192000000,False,False,False,-0.019571814360087925,10-15%
TSLAUSDT,-0.14744796948186778,1788278400000,False,False,False,-0.0026903797683440756,10-15%
TSLAUSDT,-0.14974165821623442,1788451200000,False,False,False,0.008632439800090763,10-15%
TSLAUSDT,-0.13199394590372038,1788537600000,False,False,False,-0.0010405827263267886,10-15%
TSLAUSDT,-0.13128600722585682,1788624000000,False,False,False,-0.0018546619457090463,10-15%
TSLAUSDT,-0.13289717800995993,1788710400000,False,False,False,0.029222972972972938,10-15%
TSLAUSDT,-0.10150375939849621,1788796800000,False,False,False,-0.00673803184263444,10-15%
TSLAUSDT,-0.09290205769371918,1788883200000,False,False,False,-0.013918109726492989,8-10%
CRCLUSDT,-0.2590011614401858,1783872000000,False,False,True,-0.06426332288401249,20-30%
CRCLUSDT,-0.2700348432055748,1783958400000,False,False,True,-0.05011933174224337,20-30%
CRCLUSDT,-0.2511033681765388,1784044800000,False,False,True,-0.0741315136476427,20-30%
CRCLUSDT,-0.27444831591173047,1784131200000,False,False,True,-0.0443412838162317,20-30%
CRCLUSDT,-0.30058072009291514,1784217600000,False,False,True,-0.00863500498173353,30%+
CRCLUSDT,-0.29628339140534254,1784304000000,False,False,True,-0.0146888925565275,20-30%
CRCLUSDT,-0.2908246225319395,1784390400000,False,False,True,-0.022273173927284673,20-30%
CRCLUSDT,-0.24262485481997675,1784476800000,False,False,True,-0.08449624290752944,20-30%
CRCLUSDT,-0.17189314750290363,1784563200000,False,False,True,-0.16269284712482457,15-20%
CRCLUSDT,-0.20917537746806025,1784649600000,False,False,True,-0.12321926861506827,20-30%
CRCLUSDT,-0.2777003484320557,1784736000000,False,False,True,-0.040038591413410485,20-30%
CRCLUSDT,-0.27015098722415787,1784822400000,False,False,True,-0.049968173138128624,20-30%
CRCLUSDT,-0.2728222996515679,1784908800000,False,False,True,-0.046478198370867196,20-30%
CRCLUSDT,-0.2615563298490128,1784995200000,False,False,True,-0.061025479710600794,20-30%
CRCLUSDT,-0.2700348432055748,1785081600000,False,False,True,-0.05011933174224337,20-30%
CRCLUSDT,-0.24483159117305453,1785168000000,False,False,True,-0.08182097816056588,20-30%
CRCLUSDT,-0.27142857142857146,1785254400000,False,False,True,-0.04830224772835956,20-30%
CRCLUSDT,-0.27235772357723576,1785340800000,False,False,True,-0.04708699122106941,20-30%
CRCLUSDT,-0.30545876887340295,1785427200000,False,False,True,-0.0016722408026754731,30%+
CRCLUSDT,-0.2881533101045296,1785513600000,False,True,True,-0.02594224180127258,20-30%
CRCLUSDT,-0.2933797909407665,1785600000000,False,True,True,-0.018737672583826415,20-30%
CRCLUSDT,-0.3066202090592334,1785686400000,False,True,True,0.04472361809045222,30%+
CRCLUSDT,-0.264924506387921,1785772800000,False,True,True,-0.014536261652709825,20-30%
CRCLUSDT,-0.275609756097561,1785859200000,False,True,True,0.04922238255571587,20-30%
CRCLUSDT,-0.23995354239256672,1785945600000,False,True,True,0.008863080684596625,20-30%
CRCLUSDT,-0.22427409988385583,1786032000000,False,True,True,-0.011528671956879899,20-30%
CRCLUSDT,-0.2173054587688733,1786118400000,False,True,True,-0.02032942573082064,20-30%
CRCLUSDT,-0.20696864111498248,1786204800000,False,True,True,-0.03309900410076161,20-30%
CRCLUSDT,-0.23321718931475033,1786291200000,False,True,True,0.05286276885792196,20-30%
CRCLUSDT,-0.178397212543554,1786377600000,False,True,True,-0.017387616624257696,15-20%
CRCLUSDT,-0.19268292682926813,1786464000000,False,True,True,0.01568119695007897,15-20%
CRCLUSDT,-0.18002322880371657,1786550400000,False,True,True,0.00977337110481602,15-20%
CRCLUSDT,-0.15946573751451787,1786636800000,False,True,True,-0.014923310764128783,15-20%
CRCLUSDT,-0.14035933920173638,1786723200000,True,True,True,0.014027212792818045,10-15%
CRCLUSDT,-0.1283009767273604,1786809600000,True,True,True,0.008438234887259588,10-15%
CRCLUSDT,-0.08609756097560983,1786896000000,True,True,True,-0.027221777421937432,8-10%
CRCLUSDT,-0.11097560975609744,1786982400000,True,True,True,0.1020576131687243,10-15%
CRCLUSDT,-0.08506927623292304,1788883200000,False,False,False,-0.028486709732076787,8-10%
AAPLUSDT,-0.11483772611334242,1785427200000,False,False,False,-0.0002980922098569927,10-15%
AAPLUSDT,-0.09583980767539357,1785513600000,False,False,False,-0.021303501945525216,8-10%
AAPLUSDT,-0.09018147702952295,1785600000000,False,False,False,-0.027390197531659832,8-10%
AAPLUSDT,-0.10791873112668215,1785686400000,False,False,False,-0.008051794399894785,10-15%
AAPLUSDT,-0.10017883842973985,1785772800000,False,False,False,-0.01658412615665328,10-15%
AAPLUSDT,-0.09586912545076076,1785859200000,False,False,False,-0.02127176626998284,8-10%
AAPLUSDT,-0.09097305696443747,1785945600000,False,False,False,-0.026543249693607773,8-10%
AAPLUSDT,-0.08437655750681627,1786032000000,False,False,False,-0.033556402292593934,8-10%
AAPLUSDT,-0.0843179219560819,1786118400000,False,False,False,-0.033618288348861824,8-10%
AAPLUSDT,-0.08238294878184638,1786204800000,False,False,False,-0.03565609124892177,8-10%
AAPLUSDT,-0.09839045413234049,1786291200000,False,False,False,-0.018534777094917576,8-10%
AAPLUSDT,-0.09777478084962898,1786377600000,False,False,False,-0.019204523298888776,8-10%
AAPLUSDT,-0.11510158609164733,1786464000000,False,False,False,0.004704635059470608,10-15%
AAPLUSDT,-0.11093846198950419,1786550400000,False,False,False,0.0017807089859851466,10-15%
AAPLUSDT,-0.10196722272713943,1786636800000,False,False,False,-0.008226959616075114,10-15%
AAPLUSDT,-0.10223108270544412,1786723200000,False,False,False,-0.007935471229834734,10-15%
AAPLUSDT,-0.10223108270544412,1786809600000,False,False,False,-0.007935471229834734,10-15%
AAPLUSDT,-0.10935530211967504,1786896000000,False,False,False,0.019684650580993335,10-15%
AAPLUSDT,-0.09126623471810957,1786982400000,False,False,False,-0.0006129823202993823,8-10%
AAPLUSDT,-0.08569585739834051,1787241600000,False,False,False,-0.006701725133072656,8-10%
AAPLUSDT,-0.09182327245008648,1787328000000,False,False,False,0.00019369209413433452,8-10%
AAPLUSDT,-0.08906740156556925,1787414400000,False,False,False,-0.0028322229731904125,8-10%
AAPLUSDT,-0.08557858629687176,1787500800000,False,False,False,-0.0066367425456876905,8-10%
AAPLUSDT,-0.09164736579788324,1787587200000,False,False,False,0.010199141464674266,8-10%
AAPLUSDT,-0.08238294878184638,1787673600000,False,False,False,0.0020447937633789603,8-10%
AAPLUSDT,-0.08050661115834523,1788883200000,False,False,False,0.027707808564231717,8-10%
MRVLUSDT,-0.31803339289014854,1783872000000,False,False,False,-0.24920950402023667,30%+
MRVLUSDT,-0.3095311441069559,1783958400000,False,False,False,-0.25845453734273216,30%+
MRVLUSDT,-0.36125315753804454,1784044800000,False,False,False,-0.1984084880636604,30%+
MRVLUSDT,-0.41242067648327274,1784131200000,False,False,False,-0.1286043829296425,30%+
MRVLUSDT,-0.41599408539215077,1784217600000,False,False,False,-0.12327249709885013,30%+
MRVLUSDT,-0.43198200973445877,1784304000000,False,False,False,-0.09859536851239215,30%+
MRVLUSDT,-0.42298687696383463,1784390400000,False,False,False,-0.11264748278255299,30%+
MRVLUSDT,-0.38035241205101344,1784476800000,False,False,False,-0.17370121799651994,30%+
MRVLUSDT,-0.35663237015587457,1784563200000,False,False,False,-0.20416566914053147,30%+
MRVLUSDT,-0.3414761875423572,1784649600000,False,False,False,-0.2224821069373626,30%+
MRVLUSDT,-0.35918920584067526,1784736000000,False,False,False,-0.20099028939525043,30%+
MRVLUSDT,-0.38589735690961746,1784822400000,False,False,False,-0.16624028091296705,30%+
MRVLUSDT,-0.40475016942887077,1784908800000,False,False,False,-0.13983335920923246,30%+
MRVLUSDT,-0.3917811595095805,1784995200000,False,False,False,-0.15817463533225273,30%+
MRVLUSDT,-0.4268375331156429,1785081600000,False,False,False,-0.10668601526389332,30%+
MRVLUSDT,-0.4491097282977019,1785168000000,False,False,False,-0.07056981490801317,30%+
MRVLUSDT,-0.48798595280635815,1785254400000,False,False,False,0.09608326815474388,30%+
MRVLUSDT,-0.4387899698108557,1785340800000,False,False,False,0.017400373257218105,30%+
MRVLUSDT,-0.41051075103197576,1785427200000,False,False,False,-0.03140677257525093,30%+
MRVLUSDT,-0.42902470580987007,1785513600000,False,False,False,0.027137847315888974,30%+
MRVLUSDT,-0.4093401515618261,1785600000000,False,False,False,-0.007092938354021139,30%+
MRVLUSDT,-0.4135296654549936,1785686400000,False,False,False,0.08509297195083532,30%+
MRVLUSDT,-0.32896925636128393,1785772800000,False,False,False,-0.051645778818344534,30%+
MRVLUSDT,-0.3378411681350503,1785859200000,False,False,False,-0.038939288206559564,30%+
MRVLUSDT,-0.33996673033084845,1785945600000,False,False,False,-0.03584430131615779,30%+
MRVLUSDT,-0.3282299303801368,1786032000000,False,False,False,-0.052689503370477286,30%+
MRVLUSDT,-0.3231470642597499,1786118400000,False,False,False,-0.05980338612779901,30%+
MRVLUSDT,-0.31627749368492397,1786204800000,False,False,False,-0.06924983104302762,30%+
MRVLUSDT,-0.333466822746596,1786291200000,False,False,False,-0.045246568378240926,30%+
MRVLUSDT,-0.3517959460292034,1786377600000,False,False,False,-0.018249215854006184,30%+
MRVLUSDT,-0.31640071468178177,1786464000000,False,False,False,-0.06908206029471398,30%+
MRVLUSDT,-0.3002895693426161,1786550400000,False,False,False,-0.09051686184731877,30%+
MRVLUSDT,-0.32117552831002405,1786636800000,False,False,False,-0.06253403521510259,30%+
MRVLUSDT,-0.3153841414577043,1786723200000,False,False,False,-0.0704643628509719,30%+
MRVLUSDT,-0.31606185694042266,1786809600000,False,False,False,-0.06954328438879376,30%+
MRVLUSDT,-0.26486353274597996,1786896000000,False,False,False,-0.13434461951055976,20-30%
MRVLUSDT,-0.3138901210316203,1786982400000,False,False,False,-0.046040175479104106,30%+
MRVLUSDT,-0.25907737152271726,1787068800000,False,False,False,-0.11661321359846044,20-30%
MRVLUSDT,-0.2319244661301566,1787155200000,False,False,False,-0.14784258724527666,20-30%
MRVLUSDT,-0.21346853006904376,1787241600000,False,False,False,-0.12395572706840252,20-30%
MRVLUSDT,-0.21321008403361352,1787328000000,False,False,False,-0.11744349980774971,20-30%
MRVLUSDT,-0.20389915966386551,1787414400000,False,False,False,-0.12776558013849004,20-30%
MRVLUSDT,-0.23304201680672276,1787500800000,False,False,False,-0.09462243064381815,20-30%
MRVLUSDT,-0.1867899159663865,1787587200000,False,False,False,-0.14611664531062696,15-20%
MRVLUSDT,-0.19149579831932773,1787673600000,False,False,False,-0.14114663451544496,15-20%
MRVLUSDT,-0.17905882352941183,1787760000000,False,False,False,-0.1541579658518608,15-20%
MRVLUSDT,-0.2681344537815127,1787846400000,False,False,False,-0.05121021448583096,20-30%
MRVLUSDT,-0.27186554621848735,1787932800000,False,False,False,-0.04634844428030649,20-30%
MRVLUSDT,-0.21494821177234824,1788019200000,False,False,False,-0.05033788442973375,20-30%
MRVLUSDT,-0.1846785755802689,1788105600000,False,False,False,-0.018202556912694234,15-20%
MRVLUSDT,-0.19056845042042858,1788192000000,False,False,False,-0.011058451816745585,15-20%
MRVLUSDT,-0.19951951021040792,1788278400000,False,False,False,0.028027882660470516,15-20%
MRVLUSDT,-0.1727885326997235,1788364800000,False,False,False,0.038753119555492654,15-20%
MRVLUSDT,-0.1407315078097613,1788451200000,False,False,False,0.0007706255666364292,10-15%
MRVLUSDT,-0.1100854563044179,1788537600000,False,False,False,0.003351904697196151,10-15%
MRVLUSDT,-0.10710254756530158,1788624000000,False,False,False,0.01011241027493126,10-15%
MRVLUSDT,-0.0980732021928411,1788710400000,False,False,False,0.03249162011173179,8-10%
METAUSDT,-0.08054191511750264,1784649600000,False,False,False,-0.1517651359814347,8-10%
METAUSDT,-0.12008944230094698,1784736000000,False,False,False,-0.11364127094856091,10-15%
METAUSDT,-0.11390740091196083,1784822400000,False,False,False,-0.11982516905822194,10-15%
METAUSDT,-0.12760142640009364,1784908800000,False,False,False,-0.10600907979160035,10-15%
METAUSDT,-0.12397696714603068,1784995200000,False,False,False,-0.10970787941475779,10-15%
METAUSDT,-0.12079095054366884,1785081600000,False,False,False,-0.11293405807942292,10-15%
METAUSDT,-0.12916520519116104,1785168000000,False,False,False,-0.10440371899439471,10-15%
METAUSDT,-0.14144159943879342,1785254400000,False,False,False,-0.09159772580260794,10-15%
METAUSDT,-0.22008359639892439,1785340800000,False,False,False,0.018813829288859996,20-30%
METAUSDT,-0.20109902958026427,1785427200000,False,False,False,-0.005396604712424868,20-30%
METAUSDT,-0.18874956155734823,1785513600000,False,False,False,-0.020537210182132615,15-20%
METAUSDT,-0.18157371682450607,1785600000000,False,False,False,-0.029124999999999956,15-20%
METAUSDT,-0.1322196889980124,1785686400000,False,False,False,-0.08434242214999066,10-15%
METAUSDT,-0.14563603414006776,1785772800000,False,False,False,-0.06996356420739314,10-15%
METAUSDT,-0.14781363264351688,1785859200000,False,False,False,-0.06758703481392547,10-15%
METAUSDT,-0.1394539927510814,1785945600000,False,False,False,-0.07664481505383647,10-15%
METAUSDT,-0.129662106863089,1786032000000,False,False,False,-0.08703318108543778,10-15%
METAUSDT,-0.13140126271483688,1786118400000,False,False,False,-0.08520518903639385,10-15%
METAUSDT,-0.12859522974394955,1786204800000,False,False,False,-0.08815094339622631,10-15%
METAUSDT,-0.12194551619314864,1786291200000,False,False,False,-0.0950565912117175,10-15%
METAUSDT,-0.11398047468724426,1786377600000,False,False,False,-0.1031917525773195,10-15%
METAUSDT,-0.14847129662106873,1786464000000,False,False,False,-0.06686690122715166,10-15%
METAUSDT,-0.14171927978487087,1786550400000,False,False,False,-0.07420777495870712,10-15%
METAUSDT,-0.12972056588331582,1786636800000,False,False,False,-0.08697185463827495,10-15%
METAUSDT,-0.13506956623406985,1786723200000,False,False,False,-0.08132540299415358,10-15%
METAUSDT,-0.13337425464749209,1786809600000,False,False,False,-0.08312253364363043,10-15%
METAUSDT,-0.1607623056237577,1786896000000,False,False,False,-0.05320075229869037,15-20%
METAUSDT,-0.18822343037530687,1786982400000,False,False,False,-0.021172022684309955,15-20%
METAUSDT,-0.19211095522039057,1787068800000,False,False,False,-0.01646194757502828,15-20%
METAUSDT,-0.20541038232199227,1787155200000,False,False,False,0.012157663374349204,20-30%
METAUSDT,-0.19575002922951024,1787241600000,False,False,False,0.0003634381246593321,15-20%
METAUSDT,-0.19545773412837597,1787328000000,False,False,False,0.007447774750227065,15-20%
METAUSDT,-0.1894656845551268,1787414400000,False,False,False,0.0023440317345833073,15-20%
METAUSDT,-0.18756576639775524,1787500800000,False,False,False,0.018456556934700385,15-20%
METAUSDT,-0.17257102770957566,1787587200000,False,False,False,0.010014836795252391,15-20%
METAUSDT,-0.15744475622588572,1787673600000,False,False,False,-0.00811781235364517,15-20%
METAUSDT,-0.16181456798784055,1787760000000,False,False,False,-0.002946715023015689,15-20%
METAUSDT,-0.15854086285513858,1787846400000,False,False,False,-0.006825760733638941,15-20%
METAUSDT,-0.15441950192914766,1787932800000,False,False,False,-0.01166649382972107,15-20%
METAUSDT,-0.14990354261662586,1788019200000,False,False,False,-0.016916808499664593,10-15%
METAUSDT,-0.16428446159242371,1788105600000,False,False,False,0.019551265236171567,15-20%
METAUSDT,-0.14794516543902725,1788192000000,False,False,False,0.017804154302670572,10-15%
METAUSDT,-0.13277504969016718,1788278400000,False,False,False,0.03158125347579155,10-15%
METAUSDT,-0.09807962118554892,1788364800000,False,False,False,-0.008102020643948604,8-10%
METAUSDT,-0.10531392493861813,1788451200000,False,False,False,-8.167532425096269e-05,10-15%
METAUSDT,-0.1017771542148953,1788537600000,False,False,False,-0.004018874064432243,10-15%
METAUSDT,-0.10161639190927152,1788624000000,False,False,False,-0.004197101072050291,10-15%
METAUSDT,-0.10538699871390156,1788710400000,False,False,False,0.008854328328949723,10-15%
METAUSDT,-0.09746580147316741,1788796800000,False,False,False,0.0553477451218527,8-10%
AMDUSDT,-0.10341370668049421,1784044800000,False,False,False,-0.17255937692782242,10-15%
AMDUSDT,-0.12329098608590427,1784131200000,False,False,False,-0.15379914041244436,10-15%
AMDUSDT,-0.1350617924120645,1784217600000,False,False,False,-0.14228332767130958,10-15%
AMDUSDT,-0.15072163166537023,1784304000000,False,False,False,-0.1264678945761678,15-20%
AMDUSDT,-0.15395385014259777,1784390400000,False,False,False,-0.12313066928168681,15-20%
AMDUSDT,-0.11017198167833375,1784476800000,False,False,False,-0.16627493638429702,10-15%
AMDUSDT,-0.08932676518883409,1784908800000,False,False,False,-0.18535881716552471,8-10%
AMDUSDT,-0.1646011580675827,1785081600000,False,False,False,-0.11195481254655304,15-20%
AMDUSDT,-0.19707890415694407,1785168000000,False,False,False,-0.07603384065614704,15-20%
AMDUSDT,-0.2581280788177339,1785254400000,False,False,False,0.0660282845227278,20-30%
AMDUSDT,-0.1649641344741163,1785340800000,False,False,False,-0.05290720539835647,15-20%
AMDUSDT,-0.1560798548094373,1785427200000,False,False,False,-0.06287762416794673,15-20%
AMDUSDT,-0.18271540921268692,1785513600000,False,False,False,-0.03233651975298191,15-20%
AMDUSDT,-0.15910465819721709,1785600000000,False,False,False,-0.05950668036998974,15-20%
AMDUSDT,-0.16874945985653778,1785686400000,False,False,False,-0.048594360808450476,15-20%
AMDUSDT,-0.09580848673407649,1785772800000,False,False,False,-0.12534408931029206,8-10%
AMDUSDT,-0.16261343012704166,1785859200000,False,False,False,-0.05556587611204,15-20%
AMDUSDT,-0.15162043038631057,1785945600000,False,False,False,-0.06780351649247185,15-20%
AMDUSDT,-0.16394434361766486,1786032000000,False,False,False,-0.05406243539383915,15-20%
AMDUSDT,-0.16598392533056772,1786118400000,False,False,False,-0.05174915029428828,15-20%
AMDUSDT,-0.1608331172759484,1786204800000,False,False,False,-0.05756951596292481,15-20%
AMDUSDT,-0.1719471091521908,1786291200000,False,False,False,-0.04492036654351139,15-20%
AMDUSDT,-0.1896638147091867,1786377600000,False,False,False,-0.024039076831193218,15-20%
AMDUSDT,-0.15751447584478429,1786464000000,False,False,False,-0.06128185138073938,15-20%
AMDUSDT,-0.1500821018062396,1786550400000,False,False,False,-0.06949076710322954,15-20%
AMDUSDT,-0.13843228761559068,1786636800000,False,False,False,-0.08207278417525976,10-15%
AMDUSDT,-0.10863365309826278,1786723200000,False,False,False,-0.11275935621485367,10-15%
AMDUSDT,-0.10737187797078906,1786809600000,False,False,False,-0.11401351586855901,10-15%
AMDUSDT,-0.11091521908218815,1786896000000,False,False,False,-0.11048252264862546,10-15%
AMDUSDT,-0.16940627430645572,1786982400000,False,False,False,-0.0478420110708786,15-20%
AMDUSDT,-0.19068360556563813,1787068800000,False,False,False,-0.022809303120261415,15-20%
AMDUSDT,-0.19719989629245527,1787155200000,False,False,False,-0.01487749214141143,15-20%
AMDUSDT,-0.1886785930343099,1787241600000,False,False,False,-0.02522422718847861,15-20%
AMDUSDT,-0.19166882724051493,1787328000000,False,False,False,-0.021618269683103097,15-20%
AMDUSDT,-0.1840463227033099,1787414400000,False,False,False,-0.030758150274323715,15-20%
AMDUSDT,-0.2028692420706939,1787500800000,False,False,False,-0.007871113231276317,20-30%
AMDUSDT,-0.17436695186241458,1787587200000,False,False,False,-0.04212112965017689,15-20%
AMDUSDT,-0.16373692852821708,1787673600000,False,False,False,-0.05429705262287621,15-20%
AMDUSDT,-0.18022642813931378,1787760000000,False,False,False,-0.0352745213797756,15-20%
AMDUSDT,-0.19108115115374635,1787846400000,False,False,False,-0.02232905982905975,15-20%
AMDUSDT,-0.1922392187364964,1787932800000,False,False,False,-0.020927396058459724,15-20%
AMDUSDT,-0.1703563667202601,1788019200000,False,False,False,-0.025597887428924326,15-20%
AMDUSDT,-0.17602784501492963,1788105600000,False,False,False,-0.018890985504760316,15-20%
AMDUSDT,-0.1862047032633085,1788192000000,False,False,False,-0.006621797655232298,15-20%
AMDUSDT,-0.188148200498242,1788278400000,False,False,False,-0.004243743199129457,15-20%
AMDUSDT,-0.1915934910510786,1788364800000,False,False,False,0.02913342804065122,15-20%
AMDUSDT,-0.16804183819502116,1788451200000,False,False,False,0.01038481141692138,15-20%
AMDUSDT,-0.15754152353295325,1788537600000,False,False,False,0.0037413035710534004,15-20%
AMDUSDT,-0.15438963062648303,1788624000000,False,False,False,0.009318395979478478,15-20%
AMDUSDT,-0.14650989836030737,1788710400000,False,False,False,0.054564315352697124,10-15%
AMDUSDT,-0.09712434040443396,1788796800000,False,False,False,-0.0031183196375688116,8-10%
GOOGLUSDT,-0.14155899855251164,1784736000000,False,True,True,-0.006370023419203785,10-15%
GOOGLUSDT,-0.14072803302417847,1784822400000,False,True,True,-0.007330920888445336,10-15%
GOOGLUSDT,-0.14702728783573693,1784908800000,False,True,True,0.011910373652619377,10-15%
GOOGLUSDT,-0.13686806411837238,1784995200000,False,True,True,0.02099378881987568,10-15%
GOOGLUSDT,-0.11874765453278291,1785081600000,False,True,True,0.0036500790850468867,10-15%
GOOGLUSDT,-0.10486248860773062,1785168000000,False,True,True,-0.011918308678205758,10-15%
GOOGLUSDT,-0.10660483568326806,1785254400000,True,True,True,-0.009991298868853082,10-15%
GOOGLUSDT,-0.10652441966439719,1785340800000,True,True,True,-0.010080403216128686,10-15%
GOOGLUSDT,-0.09059001834667235,1786464000000,False,False,False,-0.03526109584234838,8-10%
GOOGLUSDT,-0.08176234411975858,1786550400000,False,False,False,-0.044535819771819085,8-10%
GOOGLUSDT,-0.08101784147411517,1786636800000,False,False,False,-0.045309877900584494,8-10%
GOOGLUSDT,-0.08500624850434724,1786896000000,False,False,False,-0.041148436591886606,8-10%
GOOGLUSDT,-0.08657502193623867,1786982400000,False,False,False,-0.039501644688964554,8-10%
GOOGLUSDT,-0.08253343614560338,1787068800000,False,False,False,-0.04373279234893501,8-10%
GOOGLUSDT,-0.09612060942859413,1787155200000,False,False,False,-0.029358122021533317,8-10%
GOOGLUSDT,-0.08200164854157244,1787241600000,False,False,False,-0.04428674873280236,8-10%
GOOGLUSDT,-0.08729293520168047,1787328000000,False,False,False,-0.03874613995222287,8-10%
GOOGLUSDT,-0.08380972639527773,1787414400000,False,False,False,-0.04240067330295738,8-10%
GOOGLUSDT,-0.09125475285171103,1787673600000,False,False,False,-0.034555402756239584,8-10%
GOOGLUSDT,-0.09380733335105951,1787760000000,False,False,False,-0.03183592030750282,8-10%
GOOGLUSDT,-0.09973676513600471,1788105600000,False,False,False,-0.025459271073306144,8-10%
GOOGLUSDT,-0.10545348187933734,1788192000000,False,False,False,-0.01923134084356337,10-15%
GOOGLUSDT,-0.09869977930814422,1788278400000,False,False,False,-0.026580523350149154,8-10%
GOOGLUSDT,-0.08838309978994374,1788364800000,False,False,False,-0.03759661659617919,8-10%
GOOGLUSDT,-0.09989630141721395,1788451200000,False,False,False,-0.025286541415573627,8-10%
GOOGLUSDT,-0.09649286075141583,1788537600000,False,False,False,-0.02895821071218374,8-10%
GOOGLUSDT,-0.09957722885479536,1788624000000,False,False,False,-0.025631939522797076,8-10%
GOOGLUSDT,-0.09981653327660922,1788710400000,False,False,False,-0.02537291389750418,8-10%
GOOGLUSDT,-0.09896567311015969,1788796800000,False,False,False,-0.026293268805146597,8-10%
GOOGLUSDT,-0.12265681086973867,1788883200000,False,False,False,0.0018487089344163543,10-15%
RKLBUSDT,-0.28385728772932606,1783872000000,False,False,False,-0.21871781668383117,20-30%
RKLBUSDT,-0.25961095233705167,1783958400000,False,False,False,-0.2443033246171088,20-30%
RKLBUSDT,-0.29104821609661646,1784044800000,False,False,False,-0.2107932379713915,20-30%
RKLBUSDT,-0.3780768876186965,1784131200000,False,False,False,-0.10035576638007704,30%+
RKLBUSDT,-0.35844012169263384,1784217600000,False,False,False,-0.1278919384969106,30%+
RKLBUSDT,-0.36968747119019074,1784304000000,False,False,False,-0.11232996928477412,30%+
RKLBUSDT,-0.37328293537383606,1784390400000,False,False,False,-0.10723742277140347,30%+
RKLBUSDT,-0.3818567345809901,1784476800000,False,False,False,-0.09485458612975395,30%+
RKLBUSDT,-0.3629574997695215,1784563200000,False,False,False,-0.12170767004341532,30%+
RKLBUSDT,-0.32866230294090537,1784649600000,False,False,False,-0.1665751167261741,30%+
RKLBUSDT,-0.36563105005992436,1784736000000,False,False,False,-0.1180061037639879,30%+
RKLBUSDT,-0.39328846685719554,1784822400000,False,False,False,-0.07779972648533662,30%+
RKLBUSDT,-0.41744261086014567,1784908800000,False,False,False,-0.039563222028802025,30%+
RKLBUSDT,-0.405918687194616,1784995200000,False,False,False,-0.058193668528864095,30%+
RKLBUSDT,-0.4012169263390799,1785081600000,False,False,False,-0.06558891454965365,30%+
RKLBUSDT,-0.40877662026366746,1785168000000,False,False,False,-0.053641041634180486,30%+
RKLBUSDT,-0.4404904581912049,1785254400000,False,False,False,0.030318009556763892,30%+
RKLBUSDT,-0.417166036692173,1785340800000,False,False,False,-0.010914267636823793,30%+
RKLBUSDT,-0.4103438738821794,1785427200000,False,False,False,-0.022357723577235755,30%+
RKLBUSDT,-0.4052733474693463,1785513600000,False,False,False,-0.03069291582700362,30%+
RKLBUSDT,-0.396976122430165,1785600000000,False,False,False,-0.0440299648371808,30%+
RKLBUSDT,-0.35226329860790995,1785686400000,False,False,False,-0.11001992598918309,30%+
RKLBUSDT,-0.3152023600995667,1785772800000,False,False,False,-0.15818524501884756,30%+
RKLBUSDT,-0.30810362312160045,1785859200000,False,False,False,-0.1668221185876082,30%+
RKLBUSDT,-0.2852401585691896,1785945600000,False,False,False,-0.193473494131304,20-30%
RKLBUSDT,-0.2406195261362588,1786032000000,False,False,False,-0.240864392375865,20-30%
RKLBUSDT,-0.22992532497464735,1786118400000,False,False,False,-0.2514066802346462,20-30%
RKLBUSDT,-0.21074951599520608,1786204800000,False,False,False,-0.26959467351944866,20-30%
RKLBUSDT,-0.24559786115976767,1786291200000,False,False,False,-0.2358548209703043,20-30%
RKLBUSDT,-0.275283488522172,1786377600000,False,False,False,-0.20455412797354022,20-30%
RKLBUSDT,-0.2603484834516455,1786464000000,False,False,False,-0.22061572977689148,20-30%
RKLBUSDT,-0.2525122153590855,1786550400000,False,False,False,-0.22878638381845084,20-30%
RKLBUSDT,-0.26366737346731806,1786636800000,False,False,False,-0.2171027920370603,20-30%
RKLBUSDT,-0.25088702147525666,1786723200000,False,False,False,-0.22061572977689148,20-30%
RKLBUSDT,-0.23678804855275448,1786809600000,False,False,False,-0.23501345730364565,20-30%
RKLBUSDT,-0.21228367193378472,1786896000000,False,False,False,-0.2533731343283582,20-30%
RKLBUSDT,-0.24463882618510147,1786982400000,False,False,False,-0.22139210559083555,20-30%
RKLBUSDT,-0.2855530474040632,1787068800000,False,False,False,-0.17680358083201675,20-30%
RKLBUSDT,-0.31790820165538003,1787155200000,False,False,False,-0.1377551020408163,30%+
RKLBUSDT,-0.2980075901328274,1787241600000,False,False,False,-0.1548857953777537,20-30%
RKLBUSDT,-0.3072106261859583,1787328000000,False,False,False,-0.14365927143248414,30%+
RKLBUSDT,-0.3097722960151803,1787414400000,False,False,False,-0.14048109965635736,30%+
RKLBUSDT,-0.34098671726755225,1787500800000,False,False,False,-0.09976965159804196,30%+
RKLBUSDT,-0.35749525616698297,1787587200000,False,False,False,-0.07663910218546954,30%+
RKLBUSDT,-0.368595825426945,1787673600000,False,False,False,-0.060405709992486845,30%+
RKLBUSDT,-0.36802656546489565,1787760000000,False,False,False,-0.06125206425461638,30%+
RKLBUSDT,-0.3901328273244782,1787846400000,False,False,False,-0.02722464219041687,30%+
RKLBUSDT,-0.3817836812144213,1787932800000,False,False,False,-0.040362185389809624,30%+
RKLBUSDT,-0.37808349146110065,1788019200000,False,False,False,-0.0460717009916094,30%+
RKLBUSDT,-0.377924120306664,1788105600000,False,False,False,-0.012008216147890605,30%+
RKLBUSDT,-0.38303518773343814,1788192000000,False,False,False,-0.003823482555360913,30%+
RKLBUSDT,-0.38539414193041077,1788278400000,False,False,False,0.013913321605629303,30%+
RKLBUSDT,-0.37684293296638494,1788364800000,False,False,False,0.0034700315457412145,30%+
RKLBUSDT,-0.33457672780022796,1788451200000,False,False,False,-0.009342883836811033,30%+
RKLBUSDT,-0.24331269711482306,1788537600000,False,False,False,-0.01790676134609448,20-30%
RKLBUSDT,-0.24845228361172755,1788624000000,False,False,False,-0.01119055020205173,20-30%
RKLBUSDT,-0.24693376941946032,1788710400000,False,False,False,-0.013184426865208598,20-30%
RKLBUSDT,-0.21726433827823843,1788796800000,False,False,False,-0.050589464259065964,20-30%
RKLBUSDT,-0.2534750613246116,1788883200000,False,False,False,-0.0045376310436551215,20-30%
CBRSUSDT,-0.115677966101695,1783872000000,False,False,True,-0.18941063727839003,10-15%
CBRSUSDT,-0.1781355932203389,1783958400000,False,False,True,-0.1278098577026192,15-20%
CBRSUSDT,-0.21394067796610172,1784044800000,False,False,True,-0.08808150504015955,20-30%
CBRSUSDT,-0.24987288135593222,1784131200000,False,False,True,-0.04439925436366721,20-30%
CBRSUSDT,-0.27758474576271186,1784217600000,False,False,True,-0.007742389582966913,20-30%
CBRSUSDT,-0.2775000000000001,1784304000000,False,False,True,-0.007858776611342488,20-30%
CBRSUSDT,-0.283177966101695,1784390400000,False,False,True,0.03292545959685533,20-30%
CBRSUSDT,-0.25957627118644067,1784476800000,False,False,True,0.006008927549502108,20-30%
CBRSUSDT,-0.16330508474576266,1784563200000,False,False,True,-0.1097437455687229,15-20%
CBRSUSDT,-0.10033898305084754,1784736000000,False,True,True,-0.17205162019593068,10-15%
CBRSUSDT,-0.14779661016949153,1784822400000,False,True,True,-0.12594470962609394,10-15%
CBRSUSDT,-0.1673305084745763,1784908800000,False,True,True,-0.10543992672128644,15-20%
CBRSUSDT,-0.15050847457627126,1784995200000,False,True,True,-0.12315442936951315,15-20%
CBRSUSDT,-0.22648305084745757,1785081600000,False,True,True,-0.0370309504245413,20-30%
CBRSUSDT,-0.20491525423728818,1785168000000,False,True,True,-0.06315284587507997,20-30%
CBRSUSDT,-0.2551271186440678,1785254400000,False,True,True,0.003982024005916296,20-30%
CBRSUSDT,-0.17148305084745763,1785340800000,False,True,True,-0.09737636168362906,15-20%
CBRSUSDT,-0.1588559322033899,1785427200000,False,True,True,-0.11092640169260981,15-20%
CBRSUSDT,-0.17470338983050848,1785513600000,False,True,True,-0.09385428967500131,15-20%
CBRSUSDT,-0.168771186440678,1785600000000,False,True,True,-0.10032115002293918,15-20%
CBRSUSDT,-0.0905084745762712,1785686400000,False,True,True,-0.17773947074170693,8-10%
CBRSUSDT,-0.08677966101694912,1785945600000,False,True,True,-0.18109688195991092,8-10%
CBRSUSDT,-0.12136129307337495,1786550400000,False,False,False,-0.22141344626786663,10-15%
CBRSUSDT,-0.13233071049265477,1786636800000,False,False,False,-0.21157024793388424,10-15%
CBRSUSDT,-0.14279623241210904,1786723200000,False,False,False,-0.2019443816414198,10-15%
CBRSUSDT,-0.13570293422225677,1786809600000,False,False,False,-0.2084940353394923,10-15%
CBRSUSDT,-0.14140082948951516,1786982400000,False,False,False,-0.20324138865062513,10-15%
CBRSUSDT,-0.18450327532074895,1787068800000,False,False,False,-0.16112933124197903,15-20%
CBRSUSDT,-0.19853482693127644,1787155200000,False,False,False,-0.14644290757846878,15-20%
CBRSUSDT,-0.2213651691926044,1787241600000,False,False,False,-0.12141577060931896,20-30%
CBRSUSDT,-0.2520640334896701,1787328000000,False,False,False,-0.08535447761194026,20-30%
CBRSUSDT,-0.24163727276251012,1787414400000,False,False,False,-0.09792997699974437,20-30%
CBRSUSDT,-0.27229737586728164,1787500800000,False,False,False,-0.05992329817833175,20-30%
CBRSUSDT,-0.2872204349005776,1787587200000,False,False,False,-0.04024144869215285,20-30%
CBRSUSDT,-0.30667855343230355,1787673600000,False,False,False,-0.0133057527813496,30%+
CBRSUSDT,-0.29594170316678947,1787760000000,False,False,False,-0.028352785730015317,20-30%
CBRSUSDT,-0.31129113531532226,1787846400000,False,False,False,-0.006697433588473634,30%+
CBRSUSDT,-0.30939183689290295,1787932800000,False,False,False,-0.009429196834483844,30%+
CBRSUSDT,-0.3078413892011319,1788019200000,False,False,False,-0.011648093184745356,30%+
CBRSUSDT,-0.29694949416644056,1788105600000,False,False,False,-0.02695997353622226,20-30%
CBRSUSDT,-0.315903717198341,1788192000000,False,False,False,0.043515213326533964,30%+
CBRSUSDT,-0.2861351215163379,1788278400000,False,False,False,0.019221371558885814,20-30%
CBRSUSDT,-0.2724136594441645,1788364800000,False,False,False,0.01848596238879119,20-30%
CBRSUSDT,-0.18144114112950116,1788451200000,False,False,False,-0.09470593806231653,15-20%
CBRSUSDT,-0.18279778285980075,1788537600000,False,False,False,-0.09320305459374856,15-20%
CBRSUSDT,-0.18120857397573553,1788624000000,False,False,False,-0.09496307517515623,15-20%
CBRSUSDT,-0.17772006666925078,1788710400000,False,False,False,-0.09880267747713767,15-20%
CBRSUSDT,-0.20682972208225125,1788796800000,False,False,False,-0.06572838782192247,20-30%
CBRSUSDT,-0.2347765417264236,1788883200000,False,False,False,-0.03160773984398735,20-30%
HOODUSDT,-0.13499577345731195,1784217600000,False,False,True,-0.16192709860256027,10-15%
HOODUSDT,-0.15765004226542678,1784304000000,False,False,True,-0.13938785750125438,15-20%
HOODUSDT,-0.1586644125105663,1784390400000,False,False,True,-0.13835024615693758,15-20%
HOODUSDT,-0.14327979712595096,1784476800000,False,False,True,-0.15382338431179077,10-15%
HOODUSDT,-0.08960270498732037,1784563200000,False,False,True,-0.20371402042711229,8-10%
HOODUSDT,-0.1060862214708368,1784649600000,False,False,True,-0.18903073286052008,10-15%
HOODUSDT,-0.14987320371935764,1784736000000,False,False,True,-0.14726061449736494,10-15%
HOODUSDT,-0.19425190194420972,1784822400000,False,False,True,-0.1002937473772555,15-20%
HOODUSDT,-0.2005917159763314,1784908800000,False,False,True,-0.0931585069260864,20-30%
HOODUSDT,-0.189010989010989,1784995200000,False,False,True,-0.10610798415676459,15-20%
HOODUSDT,-0.20811496196111579,1785081600000,False,False,True,-0.08454312553373189,20-30%
HOODUSDT,-0.21073541842772603,1785168000000,False,False,True,-0.0815036949769733,20-30%
HOODUSDT,-0.24226542688081143,1785254400000,False,False,True,-0.04328424810352516,20-30%
HOODUSDT,-0.2628064243448859,1785340800000,False,False,True,-0.016626533654397258,20-30%
HOODUSDT,-0.2750633981403211,1785427200000,False,False,True,0.003964552238805874,20-30%
HOODUSDT,-0.2721893491124261,1785513600000,False,False,True,0.02078977932636472,20-30%
HOODUSDT,-0.25705832628909553,1785600000000,False,False,True,0.04084651268631245,20-30%
HOODUSDT,-0.2267117497886728,1785686400000,False,False,True,0.001858329689549576,20-30%
HOODUSDT,-0.21403212172442931,1785772800000,False,False,True,-0.01430415143041508,20-30%
HOODUSDT,-0.20980557903634822,1785859200000,False,False,True,-0.01957637997432604,20-30%
HOODUSDT,-0.22527472527472525,1785945600000,False,False,True,0.019094380796508492,20-30%
HOODUSDT,-0.2047337278106509,1786032000000,False,False,True,-0.007227891156462496,20-30%
HOODUSDT,-0.20245139475908713,1786118400000,False,False,True,-0.010068892421833509,20-30%
HOODUSDT,-0.20143702451394763,1786204800000,False,False,True,-0.01132634698846191,20-30%
HOODUSDT,-0.20295857988165678,1786291200000,False,False,True,-0.009438964895535085,20-30%
HOODUSDT,-0.20862214708368554,1786377600000,False,False,True,-0.002349925229651717,20-30%
HOODUSDT,-0.20245139475908713,1786464000000,False,False,True,-0.010068892421833509,20-30%
HOODUSDT,-0.17396449704142014,1786550400000,False,False,True,-0.044207941056078504,15-20%
HOODUSDT,-0.17886728655959427,1786636800000,False,True,True,-0.03850113238624664,15-20%
HOODUSDT,-0.1889264581572273,1786723200000,False,True,True,-0.026576341844710805,15-20%
HOODUSDT,-0.1868977176669484,1786809600000,False,True,True,-0.02900509408462415,15-20%
HOODUSDT,-0.18224852071005915,1786896000000,False,True,True,-0.03452553235476519,15-20%
HOODUSDT,-0.21048182586644115,1786982400000,False,True,True,0.01734475374732325,20-30%
HOODUSDT,-0.16610312764158908,1787068800000,False,True,True,-0.03679675620881917,15-20%
HOODUSDT,-0.19678782755705837,1787155200000,False,True,True,0.08682382656282894,15-20%
HOODUSDT,-0.09112426035502963,1787241600000,False,True,True,-0.03952752976190477,8-10%
HOODUSDT,-0.0997464074387151,1787328000000,False,True,True,-0.03032863849765266,8-10%
HOODUSDT,-0.08224852071005917,1787414400000,False,True,True,-0.04881643179515516,8-10%
HOODUSDT,-0.09433643279797121,1787500800000,False,True,True,-0.03612096322568603,8-10%
HOODUSDT,-0.10008453085376168,1787846400000,False,True,True,-0.029964305842569927,10-15%
HOODUSDT,-0.11606086221470846,1787932800000,True,True,True,-0.012431863823276212,10-15%
HOODUSDT,-0.09163144547759938,1788019200000,True,True,True,-0.03899125255909175,8-10%
HOODUSDT,-0.1270498732037194,1788105600000,True,True,True,0.024014718698557314,10-15%
HOODUSDT,-0.09932375316990705,1788192000000,True,True,True,-0.0075082121069920404,8-10%
HOODUSDT,-0.1060862214708368,1788278400000,True,True,True,0.08321513002364056,10-15%
NBISUSDT,-0.26277071158473697,1783872000000,False,False,False,-0.29744474494078155,20-30%
NBISUSDT,-0.3179099346854589,1783958400000,False,False,False,-0.24065114403789944,30%+
NBISUSDT,-0.3317291165348917,1784044800000,False,False,False,-0.22494855967078198,30%+
NBISUSDT,-0.38869027157098646,1784131200000,False,False,False,-0.15273013552269032,30%+
NBISUSDT,-0.37480233757304904,1784217600000,False,False,False,-0.17155110793423878,30%+
NBISUSDT,-0.4038501203162599,1784304000000,False,False,False,-0.13118440779610197,30%+
NBISUSDT,-0.39948435888621514,1784390400000,False,False,False,-0.13750071555326582,30%+
NBISUSDT,-0.3612925403918872,1784476800000,False,False,False,-0.18907427341227134,30%+
NBISUSDT,-0.28635269852182876,1784563200000,False,False,False,-0.2742292870905588,20-30%
NBISUSDT,-0.22908215881746297,1784649600000,False,False,False,-0.32814590207794525,20-30%
NBISUSDT,-0.23702303196974905,1784736000000,False,False,False,-0.3211534129308403,20-30%
NBISUSDT,-0.2900653145410793,1784822400000,False,False,False,-0.27043385628510563,20-30%
NBISUSDT,-0.3402200068752148,1784908800000,False,False,False,-0.21497420934715794,30%+
NBISUSDT,-0.32399449982811956,1784995200000,False,False,False,-0.23381642512077305,30%+
NBISUSDT,-0.36369886558954967,1785081600000,False,False,False,-0.18600756347920044,30%+
NBISUSDT,-0.40866277071158463,1785168000000,False,False,False,-0.12411347517730509,30%+
NBISUSDT,-0.48205568924028874,1785254400000,False,False,False,0.22745072011681167,30%+
NBISUSDT,-0.3449982811962874,1785340800000,False,False,False,-0.029390154298310045,30%+
NBISUSDT,-0.3642488827775867,1785427200000,False,False,False,0.0016762193143722293,30%+
NBISUSDT,-0.3586112066002062,1785513600000,False,False,False,-0.007128309572301483,30%+
NBISUSDT,-0.3252320385012032,1785600000000,False,False,False,-0.056243313464771516,30%+
NBISUSDT,-0.2594362323822619,1785686400000,False,False,False,-0.14009190920484615,20-30%
NBISUSDT,-0.22739773117909934,1785772800000,False,False,False,-0.17575083426028926,20-30%
NBISUSDT,-0.225541423169474,1785859200000,False,False,False,-0.17772648586266582,20-30%
NBISUSDT,-0.2881746304572017,1785945600000,False,False,False,-0.105374993963394,20-30%
NBISUSDT,-0.3631832244757648,1786032000000,False,False,False,0.016302294197030998,30%+
NBISUSDT,-0.3462014437951185,1786118400000,False,False,False,-0.01009516798990473,30%+
NBISUSDT,-0.33159161223788236,1786204800000,False,False,False,-0.031732153877802816,30%+
NBISUSDT,-0.35280165005156405,1786291200000,False,False,False,0.0198650873745152,30%+
NBISUSDT,-0.3399449982811963,1786377600000,False,False,False,0.04895578355293995,30%+
NBISUSDT,-0.16596768649020277,1786464000000,False,False,False,-0.16985409282004782,15-20%
NBISUSDT,-0.1152973530422825,1786550400000,False,False,False,-0.21739975132110667,10-15%
NBISUSDT,-0.08236507390855963,1786636800000,False,False,False,-0.24548587697609947,8-10%
NBISUSDT,-0.12677896184255744,1786982400000,False,False,False,-0.2071096764034328,10-15%
NBISUSDT,-0.21725678927466485,1787068800000,False,False,False,-0.11545893719806766,20-30%
NBISUSDT,-0.26187693365417664,1787155200000,False,False,False,-0.06198770491803285,20-30%
NBISUSDT,-0.2038828072412937,1787241600000,False,False,False,-0.10372908508365963,20-30%
NBISUSDT,-0.22497430991105904,1787328000000,False,False,False,-0.07914228237015364,20-30%
NBISUSDT,-0.2095602565465433,1787414400000,False,False,False,-0.09709956515891871,20-30%
NBISUSDT,-0.2593458771836574,1787500800000,False,False,False,-0.03640799923452309,20-30%
NBISUSDT,-0.22274192976861196,1787587200000,False,False,False,-0.08178709824481423,20-30%
NBISUSDT,-0.2380851139222564,1787673600000,False,False,False,-0.06329643754069392,20-30%
NBISUSDT,-0.22483257148931646,1787760000000,False,False,False,-0.07931066008411036,20-30%
NBISUSDT,-0.26427128733921545,1787846400000,False,False,False,-0.029957135288734782,20-30%
NBISUSDT,-0.2571489316466461,1787932800000,False,False,False,-0.03925777523373397,20-30%
NBISUSDT,-0.2503213367609254,1788019200000,False,False,False,-0.04076772872315093,20-30%
NBISUSDT,-0.27174378748928874,1788105600000,False,False,False,-0.012550865323331828,20-30%
NBISUSDT,-0.27595686946586684,1788192000000,False,False,False,-0.006805069283495224,20-30%
NBISUSDT,-0.2808840331333904,1788278400000,False,False,False,0.03758502556973342,20-30%
NBISUSDT,-0.2538560411311054,1788364800000,False,False,False,0.03354387979710993,20-30%
NBISUSDT,-0.22882747786346747,1788451200000,False,False,False,0.026066021575072984,20-30%
NBISUSDT,-0.2006212510711225,1788537600000,False,False,False,-0.010138907499218308,20-30%
NBISUSDT,-0.20872607826335332,1788624000000,False,False,False,0.021252594531179447,20-30%
NBISUSDT,-0.19190945444158802,1788710400000,False,False,False,0.01687800998541955,15-20%
NBISUSDT,-0.10589831476720934,1788796800000,False,False,False,-0.08094401405638518,10-15%
NBISUSDT,-0.1224650099971436,1788883200000,False,False,False,-0.06359345756367485,10-15%
LITEUSDT,-0.16544277373345628,1783872000000,False,False,True,-0.23276365575560587,15-20%
LITEUSDT,-0.13520043233620505,1783958400000,False,False,True,-0.25959417732686374,10-15%
LITEUSDT,-0.21556410337921617,1784044800000,False,False,True,-0.18374128708056414,20-30%
LITEUSDT,-0.2549406067541936,1784131200000,False,False,True,-0.14060188872454205,20-30%
LITEUSDT,-0.21948479935573428,1784217600000,False,False,True,-0.17964104374270284,20-30%
LITEUSDT,-0.2316177639317163,1784304000000,False,False,True,-0.166687352612635,20-30%
LITEUSDT,-0.22767587500397368,1784390400000,False,False,True,-0.17094052274130478,20-30%
LITEUSDT,-0.16224263809856843,1784476800000,False,False,True,-0.23569440930938534,15-20%
LITEUSDT,-0.12507020165093097,1784563200000,False,False,True,-0.26816684429803306,10-15%
LITEUSDT,-0.10253149802375727,1784649600000,False,False,True,-0.28654584095873437,10-15%
LITEUSDT,-0.11502474277055463,1784736000000,False,False,True,-0.2764739690598208,10-15%
LITEUSDT,-0.16634347416049422,1784822400000,False,False,True,-0.23193471712023184,15-20%
LITEUSDT,-0.18704898750675525,1784908800000,False,False,True,-0.21237242404098078,15-20%
LITEUSDT,-0.17384577889393993,1784995200000,False,False,True,-0.22495991791188352,15-20%
LITEUSDT,-0.2521961195706308,1785081600000,False,False,True,-0.14375593374048834,20-30%
LITEUSDT,-0.3137934323044156,1785168000000,False,True,True,-0.06689520985824149,30%+
LITEUSDT,-0.35969736465651525,1785254400000,False,True,True,0.1355542316221494,30%+
LITEUSDT,-0.27290163291689196,1785340800000,False,True,True,0.03560342189253407,20-30%
LITEUSDT,-0.2470144429962594,1785427200000,False,True,True,0.0033070644525752257,20-30%
LITEUSDT,-0.24452427122738973,1785513600000,False,True,True,0.017701101058980262,20-30%
LITEUSDT,-0.23115151900477904,1785600000000,False,True,True,0.05201427842937267,20-30%
LITEUSDT,-0.19116042004429334,1785686400000,False,True,True,0.06456092544313585,15-20%
LITEUSDT,-0.09492322853418955,1785772800000,False,True,True,-0.04863428283750715,8-10%
LITEUSDT,-0.09990357207192901,1785859200000,False,True,True,-0.043370260056743826,8-10%
LITEUSDT,-0.08779180044717128,1785945600000,False,True,True,-0.05607183514160252,8-10%
LITEUSDT,-0.10921787413506268,1786291200000,False,True,True,-0.033367434335744184,10-15%
LITEUSDT,-0.1389409882273156,1786377600000,False,True,True,0.017241167132256097,10-15%
LITEUSDT,-0.10981854838709681,1786982400000,False,False,True,-0.06393676533870851,10-15%
LITEUSDT,-0.15458669354838717,1787068800000,False,False,True,-0.014368330054253753,15-20%
LITEUSDT,-0.13296370967741933,1787155200000,False,True,True,-0.03894895942332288,10-15%
LITEUSDT,-0.12396169354838715,1787241600000,False,True,True,-0.04882455151145526,10-15%
LITEUSDT,-0.1405141129032258,1787328000000,False,True,True,-0.030506327629279517,10-15%
LITEUSDT,-0.1289314516129032,1787414400000,False,True,True,-0.04339775488948039,10-15%
LITEUSDT,-0.16673387096774195,1787500800000,False,True,True,0.033305105250423406,15-20%
LITEUSDT,-0.131804435483871,1787587200000,False,True,True,-0.008267053701015992,10-15%
LITEUSDT,-0.08965725806451619,1787846400000,False,True,True,-0.05418244634907976,8-10%
LITEUSDT,-0.10121975806451611,1787932800000,False,True,True,-0.04201482744310725,10-15%
LITEUSDT,-0.10022177419354839,1788019200000,False,True,True,-0.043077371216025506,10-15%
LITEUSDT,-0.08591733870967744,1788105600000,False,True,True,-0.05805220728519911,8-10%
LITEUSDT,-0.12326612903225809,1788192000000,False,True,True,-0.017925309294945513,10-15%
LITEUSDT,-0.13043346774193543,1788278400000,False,True,True,-0.009830630296425946,10-15%
LITEUSDT,-0.13898185483870973,1788364800000,False,True,True,0.019751091754182548,10-15%
LITEUSDT,-0.12197580645161288,1788451200000,True,True,True,0.005993111366245696,10-15%
LITEUSDT,-0.11671370967741934,1788537600000,True,True,True,0.007098673849033288,10-15%
LITEUSDT,-0.11044354838709669,1788624000000,True,True,True,0.007003309006844649,10-15%
LITEUSDT,-0.10421370967741939,1788710400000,True,True,True,0.07970786162814258,10-15%
BEUSDT,-0.3110479450068161,1783872000000,False,False,False,-0.323074980002526,30%+
BEUSDT,-0.29318096122052384,1783958400000,False,False,False,-0.3401863022692766,20-30%
BEUSDT,-0.33715230443484057,1784044800000,False,False,False,-0.2964162254408612,30%+
BEUSDT,-0.3785132117063549,1784131200000,False,False,False,-0.24959163672002616,30%+
BEUSDT,-0.36406879948951476,1784217600000,False,False,False,-0.266636259977195,30%+
BEUSDT,-0.3813556863996287,1784304000000,False,False,False,-0.24614374794880212,30%+
BEUSDT,-0.37427850451025324,1784390400000,False,False,False,-0.2546701895888379,30%+
BEUSDT,-0.4063868666067233,1784476800000,False,False,False,-0.21435551646633444,30%+
BEUSDT,-0.35095861008788465,1784563200000,False,False,False,-0.2814497028198597,30%+
BEUSDT,-0.3366882269338979,1784649600000,False,False,False,-0.2969084787266606,30%+
BEUSDT,-0.35696261275633034,1784736000000,False,False,False,-0.2747406405051872,30%+
BEUSDT,-0.4098384430199843,1784822400000,False,False,False,-0.20976065267607025,30%+
BEUSDT,-0.453142674826696,1784908800000,False,False,False,-0.1471836215126764,30%+
BEUSDT,-0.4459784784058938,1784995200000,False,False,False,-0.15821161195748912,30%+
BEUSDT,-0.47701366128143396,1785081600000,False,False,False,-0.10825800011092013,30%+
BEUSDT,-0.5142558807320823,1785168000000,False,False,False,-0.03988774108795612,30%+
BEUSDT,-0.5336311163964382,1785254400000,False,False,False,0.23042477766030234,30%+
BEUSDT,-0.399570728311628,1785340800000,False,False,False,-0.04429737693831215,30%+
BEUSDT,-0.390927284856571,1785427200000,False,False,False,-0.057859898090385276,30%+
BEUSDT,-0.4140441453722771,1785513600000,False,False,False,-0.02069102069102069,30%+
BEUSDT,-0.3951619920526728,1785600000000,False,False,False,-0.05126360715484579,30%+
BEUSDT,-0.3704788699712852,1785686400000,False,False,False,-0.08846295613711752,30%+
BEUSDT,-0.32381007628273917,1785772800000,False,False,False,-0.15137476944194228,30%+
BEUSDT,-0.31528265220291785,1785859200000,False,False,False,-0.16194349133731512,30%+
BEUSDT,-0.2971836296661542,1785945600000,False,False,False,-0.1835252362675911,20-30%
BEUSDT,-0.36392377527047015,1786032000000,False,False,False,-0.0978568171454629,30%+
BEUSDT,-0.35470023493923486,1786118400000,False,False,False,-0.11075152822725631,30%+
BEUSDT,-0.35838385010296714,1786204800000,False,False,False,-0.10564621852538314,30%+
BEUSDT,-0.36670824027612603,1786291200000,False,False,False,-0.09389026289273605,30%+
BEUSDT,-0.3839661223424312,1786377600000,False,False,False,-0.0685060501906869,30%+
BEUSDT,-0.3147315601705485,1786464000000,False,False,False,-0.1626174553458054,30%+
BEUSDT,-0.30179539983177184,1786550400000,False,False,False,-0.1781322698570954,30%+
BEUSDT,-0.3189082576790324,1786636800000,False,False,False,-0.1574823268886807,30%+
BEUSDT,-0.3134553470429562,1786723200000,False,False,False,-0.16417405999155044,30%+
BEUSDT,-0.3165298604867013,1786809600000,False,False,False,-0.16041419113902555,30%+
BEUSDT,-0.31316529860486697,1786896000000,False,False,False,-0.16452702702702704,30%+
BEUSDT,-0.39113031876323345,1786982400000,False,False,False,-0.05754573170731703,30%+
BEUSDT,-0.4082431766104939,1787068800000,False,False,False,-0.030291147926673867,30%+
BEUSDT,-0.41975809960263355,1787155200000,False,False,False,-0.01104723819045239,30%+
BEUSDT,-0.4123483688611471,1787241600000,False,False,False,-0.008767974347412166,30%+
BEUSDT,-0.41199548237531947,1787328000000,False,False,False,0.005408410837040023,30%+
BEUSDT,-0.4088153123699697,1787414400000,False,False,False,0.02659494243627769,30%+
BEUSDT,-0.33524513139561263,1787500800000,False,False,False,-0.004630757981964551,30%+
BEUSDT,-0.29999027899290365,1787587200000,False,False,False,-0.05476091283618023,20-30%
BEUSDT,-0.3070542108162406,1787673600000,False,False,False,-0.04512508767827916,30%+
BEUSDT,-0.2868345160558634,1787760000000,False,False,False,-0.0721977372892908,20-30%
BEUSDT,-0.31256278150416383,1787846400000,False,False,False,-0.03747348574122089,30%+
BEUSDT,-0.311201840510677,1787932800000,False,False,False,-0.03937526461871388,30%+
BEUSDT,-0.3074754544570818,1788019200000,False,False,False,-0.044544263522365735,30%+
BEUSDT,-0.30885090539854465,1788105600000,False,False,False,0.02531831537708129,30%+
BEUSDT,-0.28773058047046873,1788192000000,False,False,False,-0.005084584679718618,20-30%
BEUSDT,-0.29135217464884067,1788278400000,False,False,False,0.12241486363853471,20-30%
BEUSDT,-0.2046031477407344,1788364800000,False,False,False,0.03919148936170225,20-30%
BEUSDT,-0.17343036046708404,1788451200000,False,False,False,0.08697432537570116,15-20%
DELLUSDT,-0.11896194526223969,1784044800000,False,True,True,-0.08497524752475238,10-15%
DELLUSDT,-0.12644204557845384,1784131200000,False,True,True,-0.07714007539256551,10-15%
DELLUSDT,-0.13405299313052021,1784217600000,False,True,True,-0.06902891105066977,10-15%
DELLUSDT,-0.14325591538545412,1784304000000,False,True,True,-0.059028661609733746,10-15%
DELLUSDT,-0.14415003816377714,1784390400000,False,True,True,-0.05804561090584781,10-15%
DELLUSDT,-0.15348380765456326,1784476800000,False,True,True,-0.04765953061802819,15-20%
DELLUSDT,-0.12020499400283502,1784563200000,False,True,True,-0.08368242322088093,10-15%
DELLUSDT,-0.15623159960745825,1785168000000,False,True,True,-0.044558165981752884,15-20%
DELLUSDT,-0.1938283720423073,1785254400000,False,True,True,0.09313712229826598,15-20%
DELLUSDT,-0.11309562752153535,1785340800000,True,True,True,-0.006368487054021377,10-15%
DELLUSDT,-0.11824228546505289,1785427200000,True,True,True,-0.0005688422822940353,10-15%
DELLUSDT,-0.11874386653581936,1785513600000,True,True,True,0.009502598366740944,10-15%
DELLUSDT,-0.1103696434412823,1785600000000,True,True,True,0.023410305437074008,10-15%
DELLUSDT,-0.08954312506814965,1785686400000,True,True,True,0.03825241323145456,8-10%
DELLUSDT,-0.11262366283278369,1787068800000,False,True,True,-0.017787949513947132,10-15%
DELLUSDT,-0.1216721627925681,1787155200000,False,True,True,-0.007669238341613149,10-15%
DELLUSDT,-0.12237593501166255,1787241600000,False,True,True,-0.006873482106034889,10-15%
DELLUSDT,-0.11666532614815406,1787328000000,False,True,True,-0.013293876621898515,10-15%
DELLUSDT,-0.11039169950937022,1787414400000,False,True,True,-0.020252248994168554,10-15%
DELLUSDT,-0.12840826831818553,1787500800000,False,True,True,0.008420615512388707,10-15%
DELLUSDT,-0.09472774069009893,1787587200000,False,True,True,-0.029097532262721715,8-10%
DELLUSDT,-0.12106892946191583,1788192000000,True,True,True,0.038823179520029116,10-15%
DELLUSDT,-0.08694603072468432,1788278400000,True,True,True,0.13883016208597598,8-10%
PLTRUSDT,-0.10239940937615355,1784736000000,False,True,True,-0.0014805066622799457,10-15%
PLTRUSDT,-0.08800295311923212,1784822400000,False,True,True,-0.017242775034404523,8-10%
PLTRUSDT,-0.09272794389073447,1784908800000,False,True,True,-0.012124664333957202,8-10%
PLTRUSDT,-0.08874123292727931,1784995200000,False,True,True,-0.016446568905452486,8-10%
PLTRUSDT,-0.08490217792543364,1785168000000,False,True,True,-0.020572811617587727,8-10%
PLTRUSDT,-0.10372831303063845,1785340800000,True,True,True,0.004036243822075791,10-15%
PLTRUSDT,-0.10011074197120706,1785427200000,True,True,True,0.011813930593157718,10-15%
PLTRUSDT,-0.08947951273532662,1785513600000,True,True,True,0.0058379956215033335,8-10%
PLTRUSDT,-0.08416389811738645,1785600000000,True,True,True,0.008303103587263161,8-10%
PLTRUSDT,-0.105111051645705,1788278400000,False,False,False,0.0017941510675196781,10-15%
PLTRUSDT,-0.08284720363928277,1788796800000,False,False,False,-0.022524362490517702,8-10%
PLTRUSDT,-0.08584426010168578,1788883200000,False,False,False,-0.01931971196065807,8-10%
AMZNUSDT,-0.08799002416023693,1784736000000,False,True,True,-0.024482994359938393,8-10%
AMZNUSDT,-0.09013327098433477,1784822400000,False,True,True,-0.022185104287121504,8-10%
AMZNUSDT,-0.09590055334736192,1784908800000,False,True,True,-0.015947588466014295,8-10%
AMZNUSDT,-0.0893928766269192,1784995200000,True,True,True,-0.022980143786374585,8-10%
AMZNUSDT,-0.09410801963993454,1785081600000,True,True,True,-0.017894782122424346,8-10%
AMZNUSDT,-0.09722546956589517,1785168000000,True,True,True,-0.014503388440454068,8-10%
AMZNUSDT,-0.11031875925492951,1785254400000,True,True,True,0.04515789934737868,10-15%
AMZNUSDT,-0.08417992012891462,1786896000000,False,False,False,-0.036912366599089697,8-10%
AMZNUSDT,-0.08635185314930283,1786982400000,False,False,False,-0.034622905563436945,8-10%
AMZNUSDT,-0.08414488895116645,1787155200000,False,False,False,-0.03694920440636473,8-10%
AMZNUSDT,-0.08918937854690667,1787241600000,False,False,False,-0.0316153846153846,8-10%
AMZNUSDT,-0.09451411756463235,1787328000000,False,False,False,-0.02592076756422168,8-10%
AMZNUSDT,-0.09104603096756092,1787414400000,False,False,False,-0.02963733764982479,8-10%
AMZNUSDT,-0.08516079310586422,1787587200000,False,False,False,-0.03587976258855052,8-10%
AMZNUSDT,-0.09321796398794913,1787673600000,False,False,False,-0.027313115704075797,8-10%
AMZNUSDT,-0.10138022840327887,1787760000000,False,False,False,-0.018478091376890604,10-15%
AMZNUSDT,-0.08432004483990752,1788105600000,False,False,False,-0.03676498718390142,8-10%
AMZNUSDT,-0.10421775380088272,1788192000000,False,False,False,-0.015368972664346336,10-15%
AMZNUSDT,-0.10607440622153708,1788278400000,False,False,False,-0.013323928207539804,10-15%
AMZNUSDT,-0.09213199747775502,1788364800000,False,False,False,-0.028476616761846096,8-10%
AMZNUSDT,-0.10250122609122114,1788451200000,False,False,False,-0.01725214676034348,10-15%
AMZNUSDT,-0.08943459679114407,1788537600000,False,False,False,-0.03135459546801067,8-10%
AMZNUSDT,-0.09220205983325158,1788624000000,False,False,False,-0.028401636181214718,8-10%
AMZNUSDT,-0.09896307713865338,1788710400000,False,False,False,-0.02111115430970789,8-10%
AMZNUSDT,-0.10127513487003426,1788796800000,False,False,False,-0.018592866887546355,10-15%
AMZNUSDT,-0.11798500665592371,1788883200000,False,False,False,0.004567479545635189,10-15%
AAOIUSDT,-0.40155055225148684,1783872000000,False,False,False,-0.2902395740905058,30%+
AAOIUSDT,-0.34276762956669493,1783958400000,False,False,False,-0.3537206108103741,30%+
AAOIUSDT,-0.41296728971962615,1784044800000,False,False,False,-0.2764360018091362,30%+
AAOIUSDT,-0.46272302463891246,1784131200000,False,False,False,-0.2094287408578771,30%+
AAOIUSDT,-0.4484919286321155,1784217600000,False,False,False,-0.2298286154438668,30%+
AAOIUSDT,-0.4765824129141887,1784304000000,False,False,False,-0.18849548544181804,30%+
AAOIUSDT,-0.46288232795242135,1784390400000,False,False,False,-0.2091942659416709,30%+
AAOIUSDT,-0.44259770603228543,1784476800000,False,False,False,-0.2379727541202249,30%+
AAOIUSDT,-0.38806287170773157,1784563200000,False,False,False,-0.3058833738285318,30%+
AAOIUSDT,-0.38705395072217497,1784649600000,False,False,False,-0.3070259031447632,30%+
AAOIUSDT,-0.39894859813084116,1784736000000,False,False,False,-0.293312130046824,30%+
AAOIUSDT,-0.4459430756159728,1784822400000,False,False,False,-0.23337166954188238,30%+
AAOIUSDT,-0.46559048428207306,1784908800000,False,False,False,-0.20518680445151039,30%+
AAOIUSDT,-0.459483857264231,1784995200000,False,False,False,-0.2141664210629729,30%+
AAOIUSDT,-0.49495539507221753,1785081600000,False,False,False,-0.15897381978761438,30%+
AAOIUSDT,-0.5316482582837723,1785168000000,False,False,False,-0.0930839002267575,30%+
AAOIUSDT,-0.5752442650807137,1785254400000,False,False,False,0.12164020502562822,30%+
AAOIUSDT,-0.5235768903993203,1785340800000,False,False,False,0.028533214444939947,30%+
AAOIUSDT,-0.49676083262531856,1785427200000,False,False,False,-0.02627413738524842,30%+
AAOIUSDT,-0.509983007646559,1785513600000,False,False,False,0.0324013870827915,30%+
AAOIUSDT,-0.4941057774001699,1785600000000,False,False,False,0.07095622966306303,30%+
AAOIUSDT,-0.4325084961767204,1785686400000,False,False,False,-0.04528866847571822,30%+
AAOIUSDT,-0.2942863211554799,1785772800000,False,False,False,-0.23227990970654633,20-30%
AAOIUSDT,-0.2953483432455395,1785859200000,False,False,False,-0.2311228334589298,20-30%
AAOIUSDT,-0.30830501274426514,1785945600000,False,False,False,-0.21672040534315973,30%+
AAOIUSDT,-0.26805437553101097,1786032000000,False,False,False,-0.25979396401625077,20-30%
AAOIUSDT,-0.29051614273576876,1786118400000,False,False,False,-0.23635955392560448,20-30%
AAOIUSDT,-0.26837298215802885,1786204800000,False,False,False,-0.2594716214254609,20-30%
AAOIUSDT,-0.27867459643160575,1786291200000,False,False,False,-0.24889575971731448,20-30%
AAOIUSDT,-0.2915250637213255,1786377600000,False,False,False,-0.2352720731524508,20-30%
AAOIUSDT,-0.2581244689889549,1786464000000,False,False,False,-0.26970152458664376,20-30%
AAOIUSDT,-0.27017841971113,1786550400000,False,False,False,-0.25763969732246794,20-30%
AAOIUSDT,-0.20805012744265083,1786636800000,False,False,False,-0.3158776988064905,20-30%
AAOIUSDT,-0.13726380298473584,1786723200000,False,False,False,-0.3289265982636148,10-15%
AAOIUSDT,-0.09859402460456934,1786809600000,False,False,False,-0.33690777929420945,8-10%
AAOIUSDT,-0.18072650855598926,1786982400000,False,False,False,-0.25225357273726634,15-20%
AAOIUSDT,-0.23680576403482445,1787068800000,False,False,False,-0.19730941704035876,20-30%
AAOIUSDT,-0.24214950465325735,1787155200000,False,False,False,-0.19164950087149424,20-30%
AAOIUSDT,-0.20328632586250317,1787241600000,False,False,False,-0.19375740813907538,20-30%
AAOIUSDT,-0.3086443381180223,1787328000000,False,False,False,-0.058503275814339784,30%+
AAOIUSDT,-0.2928229665071771,1787414400000,False,False,False,-0.07956698240866034,20-30%
AAOIUSDT,-0.29601275917065395,1787500800000,False,False,False,-0.07539646579066606,20-30%
AAOIUSDT,-0.2777671451355662,1787587200000,False,False,False,-0.09875452698524856,20-30%
AAOIUSDT,-0.2851674641148325,1787673600000,False,False,False,-0.08942436412315924,20-30%
AAOIUSDT,-0.2785964912280702,1787760000000,False,False,False,-0.0977184294304917,20-30%
AAOIUSDT,-0.3237639553429027,1787846400000,False,False,False,-0.03745283018867929,30%+
AAOIUSDT,-0.32312599681020737,1787932800000,False,False,False,-0.038360037700282734,30%+
AAOIUSDT,-0.32178628389154706,1788019200000,False,False,False,-0.04025961809801526,30%+
AAOIUSDT,-0.3153429027113238,1788105600000,False,False,False,-0.04929183749534094,30%+
AAOIUSDT,-0.3393301435406698,1788192000000,False,False,False,-0.014774044032444977,30%+
AAOIUSDT,-0.3490909090909091,1788278400000,False,False,False,0.0071547584043909485,30%+
AAOIUSDT,-0.34443381180223287,1788364800000,False,False,False,0.027929155313351384,30%+
AAOIUSDT,-0.3258692185007974,1788451200000,False,False,False,-0.00037853695467027215,30%+
AAOIUSDT,-0.3261244019138756,1788537600000,False,False,False,0.0043548234403105734,30%+
AAOIUSDT,-0.3231897926634768,1788624000000,False,False,False,0.008766141954943851,30%+
AAOIUSDT,-0.30679425837320573,1788710400000,False,False,False,-0.015092950487759937,30%+
AAOIUSDT,-0.2641148325358852,1788796800000,False,False,False,-0.07221499783268315,20-30%
AAOIUSDT,-0.29071770334928226,1788883200000,False,False,False,-0.03741680158301863,20-30%
ORCLUSDT,-0.30210049423393737,1783872000000,False,False,False,-0.14967542047801718,30%+
ORCLUSDT,-0.3362335255354201,1783958400000,False,False,False,-0.1059489645544095,30%+
ORCLUSDT,-0.3208401976935751,1784044800000,False,False,False,-0.12621285627653123,30%+
ORCLUSDT,-0.34750823723228996,1784131200000,False,False,False,-0.09050023670506546,30%+
ORCLUSDT,-0.34627265238879734,1784217600000,False,False,False,-0.09221924712553164,30%+
ORCLUSDT,-0.34786861614497533,1784304000000,False,False,False,-0.08999763164127261,30%+
ORCLUSDT,-0.34519151565074135,1784390400000,False,False,False,-0.0937180595958802,30%+
ORCLUSDT,-0.37129324546952225,1784476800000,False,False,False,-0.05609236816246321,30%+
ORCLUSDT,-0.354509884678748,1784563200000,False,False,False,-0.08063486999521452,30%+
ORCLUSDT,-0.35095757825370677,1784649600000,False,False,False,-0.08566669310700403,30%+
ORCLUSDT,-0.3782948929159803,1784736000000,False,False,False,-0.045462073534283,30%+
ORCLUSDT,-0.39132001647446457,1784822400000,False,False,False,-0.025035946883193883,30%+
ORCLUSDT,-0.40655889621087316,1784908800000,False,False,False,0.010583846620976889,30%+
ORCLUSDT,-0.40027800658978585,1784995200000,False,False,False,0.005236500987209292,30%+
ORCLUSDT,-0.38493616144975296,1785081600000,False,False,False,-0.01983761613794266,30%+
ORCLUSDT,-0.3808175453047776,1785168000000,False,False,False,-0.026357362600814893,30%+
ORCLUSDT,-0.3971375617792422,1785254400000,False,False,False,0.07002561912894967,30%+
ORCLUSDT,-0.35492174629324547,1785340800000,False,False,False,0.024660814046288726,30%+
ORCLUSDT,-0.33901359143327847,1785427200000,False,False,False,0.004517485785497488,30%+
ORCLUSDT,-0.33602759472817134,1785513600000,False,False,False,0.01248352329999225,30%+
ORCLUSDT,-0.3277388797364086,1785600000000,False,False,False,0.05376014703629939,30%+
ORCLUSDT,-0.2915980230642504,1785686400000,False,False,False,0.03030523255813966,20-30%
ORCLUSDT,-0.24629324546952225,1785772800000,False,False,False,-0.031625683060109266,20-30%
ORCLUSDT,-0.25473640856672164,1785859200000,False,False,False,-0.020654877037855623,20-30%
ORCLUSDT,-0.25360378912685344,1785945600000,False,False,False,-0.022140984963443078,20-30%
ORCLUSDT,-0.2466536243822075,1786032000000,False,False,False,-0.031162441057882906,20-30%
ORCLUSDT,-0.24299835255354207,1786118400000,False,False,False,-0.035840587595212026,20-30%
ORCLUSDT,-0.2408875617792423,1786204800000,False,False,False,-0.038521532722956775,20-30%
ORCLUSDT,-0.2272446457990116,1786291200000,False,False,False,-0.0554963357761491,20-30%
ORCLUSDT,-0.25314044481054376,1786377600000,False,False,False,-0.022747639070793246,20-30%
ORCLUSDT,-0.22688426688632635,1786464000000,False,False,False,-0.05593660518079491,20-30%
ORCLUSDT,-0.2045407742998353,1786550400000,False,False,False,-0.08245421008348963,20-30%
ORCLUSDT,-0.21004942339373978,1786636800000,False,False,False,-0.07605578727841489,20-30%
ORCLUSDT,-0.20319249815614793,1786723200000,False,False,False,-0.06267768595041312,20-30%
ORCLUSDT,-0.19743739079790323,1786809600000,False,False,False,-0.06471830056735717,15-20%
ORCLUSDT,-0.19504043126684645,1786896000000,False,False,False,-0.050562550227698844,15-20%
ORCLUSDT,-0.22080862533692724,1786982400000,False,False,False,-0.019164245191642282,20-30%
ORCLUSDT,-0.22037735849056606,1787068800000,False,False,False,-0.019706817867514825,20-30%
ORCLUSDT,-0.235329018338727,1787155200000,False,False,False,0.011285885589334743,20-30%
ORCLUSDT,-0.16354718683053326,1787241600000,False,False,False,-0.03369953494641775,15-20%
ORCLUSDT,-0.13663937805524462,1787328000000,False,False,False,-0.021966027696295742,10-15%
COINUSDT,-0.08976350768168473,1783872000000,False,True,True,-0.10405208925975096,8-10%
COINUSDT,-0.0867713907589619,1783958400000,False,True,True,-0.10698758742360293,8-10%
COINUSDT,-0.09638068933770638,1784217600000,True,True,True,-0.0974910850738665,8-10%
COINUSDT,-0.09459692732608316,1784304000000,True,True,True,-0.09926914521766761,8-10%
COINUSDT,-0.08809482709016636,1784390400000,True,True,True,-0.10569156991418471,8-10%
COINUSDT,-0.11117256637168149,1784736000000,False,False,True,-0.11804604853764777,10-15%
COINUSDT,-0.12643805309734524,1784822400000,False,False,True,-0.10263391161200464,10-15%
COINUSDT,-0.12533185840707972,1784908800000,False,False,True,-0.10376881244466929,10-15%
COINUSDT,-0.11194690265486729,1784995200000,False,False,True,-0.11727703039362236,10-15%
COINUSDT,-0.0998893805309734,1785081600000,False,False,True,-0.1291016345090329,8-10%
COINUSDT,-0.08030973451327439,1785168000000,False,False,True,-0.14764253067115718,8-10%
COINUSDT,-0.09120575221238947,1785254400000,False,False,True,-0.13742316353234751,8-10%
COINUSDT,-0.10387168141592917,1785340800000,False,False,True,-0.12523145290704862,10-15%
COINUSDT,-0.2160951327433629,1785427200000,False,False,True,0.03450222253580759,20-30%
COINUSDT,-0.1890486725663717,1785513600000,False,True,True,0.0010230527895240815,15-20%
COINUSDT,-0.1882190265486725,1785600000000,False,True,True,0.006949649110853606,15-20%
COINUSDT,-0.17405973451327428,1785686400000,False,True,True,-0.010312730194870556,15-20%
COINUSDT,-0.15962389380530984,1785772800000,False,True,True,-0.027313413189416935,15-20%
COINUSDT,-0.17195796460176993,1785859200000,False,True,True,-0.012824794602899092,15-20%
COINUSDT,-0.17643805309734517,1785945600000,False,True,True,-0.007454667562122319,15-20%
COINUSDT,-0.15945796460176997,1786032000000,False,True,True,-0.02750542870303352,15-20%
COINUSDT,-0.14563053097345136,1786118400000,False,True,True,-0.04324464297274555,10-15%
COINUSDT,-0.13799778761061954,1786204800000,False,True,True,-0.05171639396855954,10-15%
COINUSDT,-0.17068584070796466,1786291200000,False,True,True,-0.014339068960917745,15-20%
COINUSDT,-0.18086283185840712,1786377600000,False,True,True,-0.0020931802835921776,15-20%
COINUSDT,-0.17848451327433634,1786464000000,False,True,True,-0.004982158486501076,15-20%
COINUSDT,-0.18257743362831869,1786550400000,False,True,True,0.006292712632789854,15-20%
COINUSDT,-0.16819690265486742,1786636800000,False,True,True,-0.011104461732827864,15-20%
COINUSDT,-0.17494469026548687,1786723200000,False,True,True,-0.0030166923644163735,15-20%
COINUSDT,-0.17151548672566386,1786809600000,True,True,True,-0.007143334000934587,15-20%
COINUSDT,-0.1578539823008851,1786896000000,True,True,True,-0.023249704452909414,15-20%
COINUSDT,-0.1774336283185841,1786982400000,True,True,True,0.09931414739107058,15-20%
COINUSDT,-0.09574115044247788,1787068800000,True,True,True,0.055110404306073724,8-10%
COINUSDT,-0.08563134978229314,1788278400000,True,True,True,-0.020294784580498937,8-10%
COINUSDT,-0.09141981613891725,1788883200000,False,False,False,-0.02855536818437332,8-10%
AVGOUSDT,-0.09251700680272124,1784217600000,False,True,True,-0.05852430927393437,8-10%
AVGOUSDT,-0.10289115646258506,1784304000000,False,True,True,-0.047637102234258544,10-15%
AVGOUSDT,-0.10293974732750244,1784390400000,False,True,True,-0.04758551580315795,10-15%
AVGOUSDT,-0.09436345966958215,1785254400000,False,True,True,-0.05660478592123608,8-10%
AVGOUSDT,-0.08185161050083789,1786723200000,False,False,False,-0.10861575118501421,8-10%
AVGOUSDT,-0.11036119903183772,1786982400000,False,False,False,-0.08005022759378422,10-15%
AVGOUSDT,-0.1533932228635264,1787068800000,False,False,False,-0.03329026582730832,15-20%
AVGOUSDT,-0.1517408303854031,1787155200000,False,False,False,-0.035173397717295884,15-20%
AVGOUSDT,-0.14191956805064243,1787241600000,False,False,False,-0.04621643612693238,10-15%
AVGOUSDT,-0.14748184695587419,1787328000000,False,False,False,-0.039993448172312984,10-15%
AVGOUSDT,-0.13840532489294366,1787414400000,False,False,False,-0.05010669619945429,10-15%
AVGOUSDT,-0.15679110035375166,1787500800000,False,False,False,-0.02939471723110043,15-20%
AVGOUSDT,-0.15923477937069452,1787587200000,False,False,False,-0.026573658860654326,15-20%
AVGOUSDT,-0.18157698752560036,1787673600000,False,False,False,0.0015924472501849252,15-20%
AVGOUSDT,-0.14150065164773784,1787760000000,False,False,False,-0.04516373888527425,10-15%
AVGOUSDT,-0.1444097933345746,1787846400000,False,False,False,-0.0419171449555259,10-15%
AVGOUSDT,-0.1397318935021412,1787932800000,False,False,False,-0.047126934314468016,10-15%
AVGOUSDT,-0.1349609011357289,1788019200000,False,False,False,-0.052382361645457176,10-15%
AVGOUSDT,-0.1411981009123069,1788105600000,False,False,False,-0.04550012194791464,10-15%
AVGOUSDT,-0.14096536957735983,1788192000000,False,False,False,-0.04575871691365718,10-15%
AVGOUSDT,-0.1360547384099795,1788278400000,False,False,False,-0.051182587145089165,10-15%
AVGOUSDT,-0.18027369204989752,1788364800000,False,False,False,0.012605757765033143,15-20%
AVGOUSDT,-0.16994042077825355,1788451200000,False,False,False,0.0079627656591712,15-20%
AVGOUSDT,-0.1633308508657606,1788537600000,False,False,False,0.0047009735744087955,15-20%
AVGOUSDT,-0.15939769130515735,1788624000000,False,False,False,0.0002214900744759163,15-20%
AVGOUSDT,-0.15921150623719982,1788710400000,False,False,False,0.000415201926537101,15-20%
AVGOUSDT,-0.13931297709923662,1788796800000,False,False,False,-0.022713752636417617,10-15%
AVGOUSDT,-0.15886240923477934,1788883200000,False,False,False,0.010209728293951725,15-20%
AXTIUSDT,-0.5579004329004329,1783872000000,False,False,False,-0.21175030599755207,30%+
AXTIUSDT,-0.4813311688311688,1783958400000,False,False,False,-0.32811684924360973,30%+
AXTIUSDT,-0.5194805194805194,1784044800000,False,False,False,-0.27477477477477474,30%+
AXTIUSDT,-0.5790945165945165,1784131200000,False,False,False,-0.17205913863295486,30%+
AXTIUSDT,-0.5740440115440115,1784217600000,False,False,False,-0.1818759263180182,30%+
AXTIUSDT,-0.5946969696969697,1784304000000,False,False,False,-0.14018691588785037,30%+
AXTIUSDT,-0.5992965367965368,1784390400000,False,False,False,-0.13031735313977044,30%+
AXTIUSDT,-0.5555555555555556,1784476800000,False,False,False,-0.21590909090909094,30%+
AXTIUSDT,-0.5008116883116882,1784563200000,False,False,False,-0.3018970189701897,30%+
AXTIUSDT,-0.5055014430014431,1784649600000,False,False,False,-0.29527630859018783,30%+
AXTIUSDT,-0.5144300144300145,1784736000000,False,False,False,-0.2823179791976226,30%+
AXTIUSDT,-0.5483405483405484,1784822400000,False,False,False,-0.22843450479233218,30%+
AXTIUSDT,-0.5790945165945165,1784908800000,False,False,False,-0.17205913863295486,30%+
AXTIUSDT,-0.5680916305916306,1784995200000,False,False,False,-0.19315097097515144,30%+
AXTIUSDT,-0.575036075036075,1785081600000,False,False,False,-0.17996604414261452,30%+
AXTIUSDT,-0.6126443001443,1785168000000,False,False,False,-0.10034924330617001,30%+
AXTIUSDT,-0.6515151515151515,1785254400000,False,False,False,0.17236024844720488,30%+
AXTIUSDT,-0.5914502164502164,1785340800000,False,False,False,0.25629139072847673,30%+
AXTIUSDT,-0.4778138528138528,1785427200000,False,False,False,-0.01709844559585494,30%+
AXTIUSDT,-0.461038961038961,1785513600000,False,False,False,-0.04769076305220887,30%+
AXTIUSDT,-0.44651875901875904,1785600000000,False,False,False,-0.07267394492423007,30%+
AXTIUSDT,-0.3794191919191918,1785686400000,False,False,False,-0.1729399796541201,30%+
AXTIUSDT,-0.4099927849927849,1785772800000,False,False,False,-0.1300825435646592,30%+
AXTIUSDT,-0.350559163059163,1785859200000,False,False,False,-0.20969309818080828,30%+
AXTIUSDT,-0.3275613275613275,1785945600000,False,False,False,-0.23672210300429186,30%+
AXTIUSDT,-0.22023809523809523,1786032000000,False,False,False,-0.3417765440666204,20-30%
AXTIUSDT,-0.18308080808080807,1786118400000,False,False,False,-0.3717156105100464,15-20%
AXTIUSDT,-0.15223665223665217,1786204800000,False,False,False,-0.39457446808510643,15-20%
AXTIUSDT,-0.2918470418470418,1786291200000,False,False,False,-0.2752165053489557,20-30%
AXTIUSDT,-0.3303571428571428,1786377600000,False,False,False,-0.2335353535353536,30%+
AXTIUSDT,-0.2840007215007214,1786464000000,False,False,False,-0.2831590880463535,20-30%
AXTIUSDT,-0.31286075036075034,1786550400000,False,False,False,-0.25305158157238483,30%+
AXTIUSDT,-0.2847222222222222,1786636800000,False,False,False,-0.2824360105913505,20-30%
AXTIUSDT,-0.1714635639926515,1786723200000,False,False,False,-0.2989652623798966,15-20%
AXTIUSDT,-0.14597773576979634,1786809600000,False,False,False,-0.30017215937038855,10-15%
AXTIUSDT,-0.10021276595744688,1786982400000,False,False,False,-0.327145897375266,10-15%
AXTIUSDT,-0.1917021276595744,1787068800000,False,False,False,-0.25098710186891293,15-20%
AXTIUSDT,-0.23659574468085098,1787155200000,False,False,False,-0.20693979933110374,20-30%
AXTIUSDT,-0.2577659574468085,1787241600000,False,False,False,-0.1843199082700301,20-30%
AXTIUSDT,-0.27829787234042547,1787328000000,False,False,False,-0.16111438679245293,20-30%
AXTIUSDT,-0.2779787234042552,1787414400000,False,False,False,-0.16148519227935765,20-30%
AXTIUSDT,-0.31659574468085117,1787500800000,False,False,False,-0.11410336239103358,30%+
AXTIUSDT,-0.2708510638297872,1787587200000,False,False,False,-0.16968193755471273,20-30%
AXTIUSDT,-0.3030851063829787,1787673600000,False,False,False,-0.1312776675316747,30%+
AXTIUSDT,-0.28936170212765966,1787760000000,False,False,False,-0.14805389221556886,20-30%
AXTIUSDT,-0.355,1787846400000,False,False,False,-0.06135576447303326,30%+
AXTIUSDT,-0.3779787234042553,1787932800000,False,False,False,-0.02668034889687021,30%+
AXTIUSDT,-0.3810638297872341,1788019200000,False,False,False,-0.021828807150223506,30%+
AXTIUSDT,-0.3459574468085107,1788105600000,False,False,False,-0.07433311646063756,30%+
AXTIUSDT,-0.3890425531914894,1788192000000,False,False,False,-0.00905450113181272,30%+
AXTIUSDT,-0.3931914893617021,1788278400000,False,False,False,-0.0022791023842917424,30%+
AXTIUSDT,-0.39457446808510643,1788364800000,False,False,False,0.07327358987875598,30%+
AXTIUSDT,-0.3502127659574469,1788451200000,False,False,False,0.03045186640471509,30%+
AXTIUSDT,-0.3221276595744681,1788537600000,False,False,False,-0.012241054613935987,30%+
AXTIUSDT,-0.33042553191489366,1788624000000,False,False,False,0.03606609469335864,30%+
AXTIUSDT,-0.3062765957446809,1788710400000,False,False,False,0.024536114092930772,30%+
AXTIUSDT,-0.2720212765957446,1788796800000,False,False,False,-0.023673827268741898,20-30%
AXTIUSDT,-0.24893617021276604,1788883200000,False,False,False,-0.053682719546742086,20-30%
AVAVUSDT,-0.2645822655048693,1783872000000,False,False,False,-0.011221076108168249,20-30%
AVAVUSDT,-0.26550486929779593,1783958400000,False,False,False,-0.009979064898813728,20-30%
AVAVUSDT,-0.27283444387493594,1784044800000,False,False,False,0.0023965602311974976,20-30%
AVAVUSDT,-0.2470527934392619,1784131200000,False,False,False,-0.0319264805990469,20-30%
AVAVUSDT,-0.2625832906201947,1784217600000,False,False,False,-0.011538194203099983,20-30%
AVAVUSDT,-0.2710404920553562,1784304000000,False,False,False,-7.031359864995146e-05,20-30%
AVAVUSDT,-0.26453100973859556,1784390400000,False,False,False,-0.008920482263572338,20-30%
AVAVUSDT,-0.2653511019989748,1784476800000,False,False,False,-0.007814135212446782,20-30%
AVAVUSDT,-0.23003587903639156,1784563200000,False,False,False,-0.053321794701104985,20-30%
AVAVUSDT,-0.20061506919528438,1784649600000,False,False,False,-0.08816363170043595,20-30%
AVAVUSDT,-0.18903126601742692,1784736000000,False,False,False,-0.1011882189356591,15-20%
AVAVUSDT,-0.21419784725781643,1784822400000,False,False,False,-0.07240232209249231,20-30%
AVAVUSDT,-0.23141978472578173,1784908800000,False,False,False,-0.051617205735244975,20-30%
AVAVUSDT,-0.2309584828293183,1784995200000,False,False,False,-0.0521860837110103,20-30%
AVAVUSDT,-0.21014864172219372,1785081600000,False,False,False,-0.07715768981181048,20-30%
AVAVUSDT,-0.2057919015889288,1785168000000,False,False,False,-0.08222007099064199,20-30%
AVAVUSDT,-0.2565351101998974,1785254400000,False,False,False,-0.019579455360220654,20-30%
AVAVUSDT,-0.26104561763198364,1785340800000,False,False,False,-0.01359506138586375,20-30%
AVAVUSDT,-0.2445925166581241,1785427200000,False,False,False,-0.03507938661962262,20-30%
AVAVUSDT,-0.24218349564325992,1785513600000,False,False,False,-0.03814677037538039,20-30%
AVAVUSDT,-0.24192721681189133,1785600000000,False,False,False,-0.03847194050033809,20-30%
AVAVUSDT,-0.2010763710917478,1785686400000,False,False,False,-0.08763713350869307,20-30%
AVAVUSDT,-0.14033828805740645,1785772800000,False,False,False,-0.15209873598855228,10-15%
AVAVUSDT,-0.13967196309584828,1785859200000,False,False,False,-0.15275543640154887,10-15%
AVAVUSDT,-0.1149666837519221,1785945600000,False,False,False,-0.1764058608907163,10-15%
AVAVUSDT,-0.09246540235776524,1786032000000,False,False,False,-0.1968259347113972,8-10%
AVAVUSDT,-0.08252178370066632,1786982400000,False,False,False,-0.2055307262569832,8-10%
AVAVUSDT,-0.11373654536135314,1787068800000,False,False,False,-0.1775490139378867,10-15%
AVAVUSDT,-0.18170169144028703,1787155200000,False,False,False,-0.10923896022549329,15-20%
AVAVUSDT,-0.16827268067657608,1787241600000,False,False,False,-0.12362112528501878,15-20%
AVAVUSDT,-0.17754997437211684,1787328000000,False,False,False,-0.11373551040757823,15-20%
AVAVUSDT,-0.17370579190158886,1787414400000,False,False,False,-0.11785869362942747,15-20%
AVAVUSDT,-0.22193746796514602,1787500800000,False,False,False,-0.06317523056653496,20-30%
AVAVUSDT,-0.23285494618144542,1787587200000,False,False,False,-0.04984298790672803,20-30%
AVAVUSDT,-0.24454126089185035,1787673600000,False,False,False,-0.03514485378926646,20-30%
AVAVUSDT,-0.2374167093798052,1787760000000,False,False,False,-0.044159161177577566,20-30%
AVAVUSDT,-0.2440287032291132,1787846400000,False,False,False,-0.035799037222862595,20-30%
AVAVUSDT,-0.238851870835469,1787932800000,False,False,False,-0.04235690235690226,20-30%
AVAVUSDT,-0.2386981035366479,1788019200000,False,False,False,-0.042550326533360217,20-30%
AVAVUSDT,-0.24495130702203993,1788105600000,False,False,False,-0.03462086755821059,20-30%
AVAVUSDT,-0.24883431768728625,1788192000000,False,False,False,-0.019173736119732387,20-30%
AVAVUSDT,-0.25758988705833585,1788278400000,False,False,False,-0.007606420097697186,20-30%
AVAVUSDT,-0.263236970262149,1788364800000,False,False,False,0.004219112579987305,20-30%
AVAVUSDT,-0.24266915345560047,1788451200000,False,False,False,-0.023053769325489193,20-30%
AVAVUSDT,-0.23919801056885304,1788537600000,False,False,False,-0.027511065713312854,20-30%
AVAVUSDT,-0.23660760542948922,1788624000000,False,False,False,-0.03081099423142175,20-30%
AVAVUSDT,-0.24468966946430426,1788710400000,False,False,False,-0.02044035942108502,20-30%
AVAVUSDT,-0.2257279038441613,1788796800000,False,False,False,-0.04442957510873191,20-30%
AVAVUSDT,-0.2601284840949125,1788883200000,False,False,False,0.0809467124150971,20-30%
CRWVUSDT,-0.2817619525242393,1783872000000,False,False,False,-0.2834865588269522,20-30%
CRWVUSDT,-0.3263958542293547,1783958400000,False,False,False,-0.2360094304504281,30%+
CRWVUSDT,-0.35949515212303584,1784044800000,False,False,False,-0.19652877463134533,30%+
CRWVUSDT,-0.3922601136743564,1784131200000,False,False,False,-0.15321138770457976,30%+
CRWVUSDT,-0.37913741223671016,1784217600000,False,False,False,-0.17110931610123858,30%+
CRWVUSDT,-0.38582413908391844,1784304000000,False,False,False,-0.16208492106695704,30%+
CRWVUSDT,-0.3948512203276495,1784390400000,False,False,False,-0.14958563535911606,30%+
CRWVUSDT,-0.3709461718488799,1784476800000,False,False,False,-0.1819027371777837,30%+
CRWVUSDT,-0.34804413239719156,1784563200000,False,False,False,-0.2106410256410256,30%+
CRWVUSDT,-0.30165496489468413,1784649600000,False,False,False,-0.26307600239377615,30%+
CRWVUSDT,-0.3136074891340689,1784736000000,False,False,False,-0.2502435460301997,30%+
CRWVUSDT,-0.36726847208291535,1784822400000,False,False,False,-0.18665785997357998,30%+
CRWVUSDT,-0.3965229020394516,1784908800000,False,False,False,-0.14722991689750697,30%+
CRWVUSDT,-0.38314944834503517,1784995200000,False,False,False,-0.1657181571815718,30%+
CRWVUSDT,-0.41098294884653963,1785081600000,False,False,False,-0.12629487725273159,30%+
CRWVUSDT,-0.43630892678034106,1785168000000,False,False,False,-0.08704033214709372,30%+
CRWVUSDT,-0.48537278502173187,1785254400000,False,False,False,0.15689459152184515,30%+
CRWVUSDT,-0.37253426947509205,1785340800000,False,False,False,-0.051152257892633446,30%+
CRWVUSDT,-0.40070210631895686,1785427200000,False,False,False,-0.006555090655509077,30%+
CRWVUSDT,-0.4046305583416917,1785513600000,False,False,False,0.01839112733398851,30%+
CRWVUSDT,-0.3936810431293881,1785600000000,False,False,False,0.11235180590019289,30%+
CRWVUSDT,-0.31126713473754597,1785686400000,False,False,False,-0.020752427184466127,30%+
CRWVUSDT,-0.23228017385489808,1785772800000,False,False,False,-0.12150244964616219,20-30%
CRWVUSDT,-0.22776663323303248,1785859200000,False,False,False,-0.12663708193527445,20-30%
CRWVUSDT,-0.26387495820795726,1785945600000,False,False,False,-0.08379697967525823,20-30%
CRWVUSDT,-0.2521731862253427,1786032000000,False,False,False,-0.09813345255392869,20-30%
CRWVUSDT,-0.2334503510531596,1786118400000,False,False,False,-0.12016137825755091,20-30%
CRWVUSDT,-0.22751588097626207,1786204800000,False,False,False,-0.12692057996104744,20-30%
CRWVUSDT,-0.24281176863925102,1786291200000,False,False,False,-0.1092835853847004,20-30%
CRWVUSDT,-0.25702106318956874,1786377600000,False,False,False,-0.09224884688941393,20-30%
CRWVUSDT,-0.10147107990638582,1786464000000,False,False,False,-0.24939534883720937,10-15%
CRWVUSDT,-0.08650952858575722,1786550400000,False,False,False,-0.2616890840882058,8-10%
CRWVUSDT,-0.12219993313273159,1786636800000,False,False,False,-0.23167015806513047,10-15%
CRWVUSDT,-0.12052825142092949,1786723200000,False,False,False,-0.2331305835392511,10-15%
CRWVUSDT,-0.11400869274490133,1786809600000,False,False,False,-0.23877358490566036,10-15%
CRWVUSDT,-0.09566240753194344,1786896000000,False,False,False,-0.2499535229596579,8-10%
CRWVUSDT,-0.18434767989240075,1786982400000,False,False,False,-0.16840152530145314,15-20%
CRWVUSDT,-0.21082716879623398,1787068800000,False,False,False,-0.14049850873455472,20-30%
CRWVUSDT,-0.24066913248150634,1787155200000,False,False,False,-0.10671980515886192,20-30%
CRWVUSDT,-0.1784243755146857,1787241600000,False,False,False,-0.10134758881835404,15-20%
CRWVUSDT,-0.20678927623753318,1787328000000,False,False,False,-0.06921213519437075,20-30%
CRWVUSDT,-0.19205782779760283,1787414400000,False,False,False,-0.08618346545866362,15-20%
CRWVUSDT,-0.21593924421264532,1787500800000,False,False,False,-0.05834986579530865,20-30%
CRWVUSDT,-0.18263336078323733,1787587200000,False,False,False,-0.09672002686667414,15-20%
CRWVUSDT,-0.19846280538018124,1787673600000,False,False,False,-0.07888127853881277,15-20%
CRWVUSDT,-0.2023057919297282,1787760000000,False,False,False,-0.07444367974306043,20-30%
CRWVUSDT,-0.23314118400585604,1787846400000,False,False,False,-0.03722706120987951,20-30%
CRWVUSDT,-0.2290236984170555,1787932800000,False,False,False,-0.04236885829575132,20-30%
CRWVUSDT,-0.22225272211547265,1788019200000,False,False,False,-0.050705882352941156,20-30%
CRWVUSDT,-0.237716167993412,1788105600000,False,False,False,-0.03144880566558639,20-30%
CRWVUSDT,-0.24384664653673715,1788192000000,False,False,False,-0.023596321393998143,20-30%
CRWVUSDT,-0.2616890840882058,1788278400000,False,False,False,0.0340810509356797,20-30%
CRWVUSDT,-0.23652667215664747,1788364800000,False,False,False,0.053211888782358496,20-30%
CRWVUSDT,-0.1959008143471499,1788451200000,False,False,False,0.014679107874374209,15-20%
CRWVUSDT,-0.18409735565925522,1788537600000,False,False,False,0.011663115397555046,15-20%
CRWVUSDT,-0.17458138896513875,1788624000000,False,False,False,0.0026604589291654435,15-20%
CRWVUSDT,-0.17238539665111174,1788710400000,False,False,False,0.008181315644002263,15-20%
CRWVUSDT,-0.11245310641412765,1788883200000,False,False,False,-0.05989690721649488,10-15%
CRDOUSDT,-0.1644141053787047,1783872000000,False,False,False,-0.3266554456258467,15-20%
CRDOUSDT,-0.169971185510428,1783958400000,False,False,False,-0.3221473736413605,15-20%
CRDOUSDT,-0.23634742041712398,1784044800000,False,False,False,-0.26322882041146345,20-30%
CRDOUSDT,-0.2857093852908891,1784131200000,False,False,False,-0.2123133074004705,20-30%
CRDOUSDT,-0.3164791437980241,1784217600000,False,False,False,-0.1768543611362039,30%+
CRDOUSDT,-0.32018386388583964,1784304000000,False,False,False,-0.17236855383994343,30%+
CRDOUSDT,-0.3236141602634467,1784390400000,False,False,False,-0.16817121411907898,30%+
CRDOUSDT,-0.24924533479692634,1784476800000,False,False,False,-0.2505711413689117,20-30%
CRDOUSDT,-0.23603869374313935,1784563200000,False,False,False,-0.2635265592025504,20-30%
CRDOUSDT,-0.21590285400658604,1784649600000,False,False,False,-0.2824394085221804,20-30%
CRDOUSDT,-0.200706641053787,1784736000000,False,False,False,-0.2960817132311917,20-30%
CRDOUSDT,-0.2498627881448956,1784822400000,False,False,False,-0.24995427108103163,20-30%
CRDOUSDT,-0.2444429198682766,1784908800000,False,False,False,-0.2553346045582493,20-30%
CRDOUSDT,-0.24461443468715693,1784995200000,False,False,False,-0.2551655238181736,20-30%
CRDOUSDT,-0.3102017014270032,1785081600000,False,False,False,-0.1843453180168083,30%+
CRDOUSDT,-0.3223106476399561,1785168000000,False,False,False,-0.1697712087467098,30%+
CRDOUSDT,-0.3808658068057079,1785254400000,False,False,False,-0.09125159288603246,30%+
CRDOUSDT,-0.3181942919868277,1785340800000,False,False,False,-0.17478365868383972,30%+
CRDOUSDT,-0.28330817782656414,1785427200000,False,False,False,-0.21495237639400755,20-30%
CRDOUSDT,-0.3029637760702525,1785513600000,False,False,False,-0.1928149606299212,30%+
CRDOUSDT,-0.26159440175631177,1785600000000,False,False,False,-0.23803772182477,20-30%
CRDOUSDT,-0.2741149835345773,1785686400000,False,False,False,-0.22489485374037144,20-30%
CRDOUSDT,-0.18564763995609213,1785772800000,False,False,False,-0.3090985678180286,15-20%
CRDOUSDT,-0.2076358397365532,1785859200000,False,False,False,-0.2899259708212476,20-30%
CRDOUSDT,-0.19700192096597136,1785945600000,False,False,False,-0.2993293177837584,15-20%
CRDOUSDT,-0.1623902305159165,1786032000000,False,False,False,-0.32828241461217134,15-20%
CRDOUSDT,-0.14287184412733256,1786118400000,False,False,False,-0.34357866090366984,10-15%
CRDOUSDT,-0.12177552140504944,1786204800000,False,False,False,-0.3593469260214045,10-15%
CRDOUSDT,-0.13920142700329308,1786291200000,False,False,False,-0.3463776201482426,10-15%
CRDOUSDT,-0.1653402854006586,1786377600000,False,False,False,-0.3259082689462436,15-20%
CRDOUSDT,-0.11488062568605928,1786636800000,False,False,False,-0.3643374801379683,10-15%
CRDOUSDT,-0.09831229418221721,1786723200000,False,False,False,-0.3760176519820436,8-10%
CRDOUSDT,-0.09769484083424795,1786809600000,False,False,False,-0.3764446472019465,8-10%
CRDOUSDT,-0.14187705817782648,1786982400000,False,False,False,-0.3443396226415094,10-15%
CRDOUSDT,-0.19761937431394072,1787068800000,False,False,False,-0.2987901329571202,15-20%
CRDOUSDT,-0.20818468715697025,1787155200000,False,False,False,-0.28943378243729145,20-30%
CRDOUSDT,-0.20938529088913282,1787241600000,False,False,False,-0.28835473793821587,20-30%
CRDOUSDT,-0.18603086944208447,1787328000000,False,False,False,-0.2866524594441786,15-20%
CRDOUSDT,-0.18146417445482876,1787414400000,False,False,False,-0.29063229824409653,15-20%
CRDOUSDT,-0.22139620504106494,1787500800000,False,False,False,-0.25425115940711096,20-30%
CRDOUSDT,-0.20242141036533556,1787587200000,False,False,False,-0.2719928983577452,20-30%
CRDOUSDT,-0.20875814216935717,1787673600000,False,False,False,-0.26616258780367763,20-30%
CRDOUSDT,-0.1632681959784763,1787760000000,False,False,False,-0.30605855474699606,15-20%
CRDOUSDT,-0.186314075332767,1787846400000,False,False,False,-0.28640417663693707,15-20%
CRDOUSDT,-0.1711979609175871,1787932800000,False,False,False,-0.2994191013155646,15-20%
CRDOUSDT,-0.17158736901727567,1788019200000,False,False,False,-0.29908978248792784,15-20%
CRDOUSDT,-0.1887567261399038,1788105600000,False,False,False,-0.28425554197940295,15-20%
CRDOUSDT,-0.22585669781931472,1788192000000,False,False,False,-0.24995427108103163,20-30%
CRDOUSDT,-0.3971254602095724,1788278400000,False,False,False,-0.03687610099823846,30%+
CRDOUSDT,-0.4040640045312943,1788364800000,False,False,False,-0.025662350005940304,30%+
CRDOUSDT,-0.4002407250070802,1788451200000,False,False,False,-0.03187345059615143,30%+
CRDOUSDT,-0.4045596148399887,1788537600000,False,False,False,-0.024851367419738257,30%+
CRDOUSDT,-0.3995681110167092,1788624000000,False,False,False,-0.03295796238429338,30%+
CRDOUSDT,-0.3844519966015294,1788710400000,False,False,False,-0.05670577409707833,30%+
CRDOUSDT,-0.38172613990371007,1788796800000,False,False,False,-0.06086458631548808,30%+
CRDOUSDT,-0.39252336448598135,1788883200000,False,False,False,-0.04417249417249414,30%+
ARMUSDT,-0.31970645175813794,1783872000000,False,False,False,-0.23864990072799463,30%+
ARMUSDT,-0.3674305524289767,1783958400000,False,False,False,-0.18120996441281134,30%+
ARMUSDT,-0.38897393183557694,1784044800000,False,False,False,-0.15234130346682384,30%+
ARMUSDT,-0.42222322272747737,1784131200000,False,False,False,-0.10356113145795998,30%+
ARMUSDT,-0.3997793885912386,1784217600000,False,False,False,-0.1370813486854442,30%+
ARMUSDT,-0.4033586961415515,1784304000000,False,False,False,-0.1319046181708422,30%+
ARMUSDT,-0.40326865066858775,1784390400000,False,False,False,-0.13203561189074986,30%+
ARMUSDT,-0.3857773175453604,1784476800000,False,False,False,-0.1567527945757743,30%+
ARMUSDT,-0.3481608212147135,1784563200000,False,False,False,-0.2054151125846111,30%+
ARMUSDT,-0.3552969249470983,1784649600000,False,False,False,-0.19661999371486427,30%+
ARMUSDT,-0.3744991220566386,1784736000000,False,False,False,-0.17195710069819337,30%+
ARMUSDT,-0.386047453964252,1784822400000,False,False,False,-0.1563817695156382,30%+
ARMUSDT,-0.4120030615460808,1784908800000,False,False,False,-0.11914241960183758,30%+
ARMUSDT,-0.40137769573634685,1784995200000,False,False,False,-0.13477737665463296,30%+
ARMUSDT,-0.4255549052271397,1785081600000,False,False,False,-0.09836194059095538,30%+
ARMUSDT,-0.4427535905632345,1785168000000,False,False,False,-0.07053405510220567,30%+
ARMUSDT,-0.4820584395119535,1785254400000,False,False,False,0.010257301808066721,30%+
ARMUSDT,-0.4716131646481474,1785340800000,False,False,False,-0.00971370143149286,30%+
ARMUSDT,-0.44631038674530643,1785427200000,False,False,False,-0.05496828752642713,30%+
ARMUSDT,-0.4708702894961956,1785513600000,False,False,False,-0.011104020421187077,30%+
ARMUSDT,-0.45781369591643784,1785600000000,False,False,False,-0.03491799875441148,30%+
ARMUSDT,-0.46546756111836485,1785686400000,False,False,False,-0.021099178774478755,30%+
ARMUSDT,-0.38181531673495117,1785772800000,False,False,False,-0.15356323513346204,30%+
ARMUSDT,-0.3744540993201567,1785859200000,False,False,False,-0.16352382323305026,30%+
ARMUSDT,-0.3512448786637252,1785945600000,False,False,False,-0.1934487664388077,30%+
ARMUSDT,-0.35865111881500167,1786032000000,False,False,False,-0.18413478413478412,30%+
ARMUSDT,-0.3641438926657963,1786118400000,False,False,False,-0.17708702117113917,30%+
ARMUSDT,-0.36022691459186895,1786204800000,False,False,False,-0.1821252638986629,30%+
ARMUSDT,-0.3869028859574085,1786291200000,False,False,False,-0.14653937947494045,30%+
ARMUSDT,-0.3925982621223718,1786377600000,False,False,False,-0.13853680231265286,30%+
ARMUSDT,-0.39336364864256446,1786464000000,False,False,False,-0.13744990351788633,30%+
ARMUSDT,-0.36556210886497686,1786550400000,False,False,False,-0.1752474896214029,30%+
ARMUSDT,-0.37240556481022913,1786636800000,False,False,False,-0.16625416980522978,30%+
ARMUSDT,-0.3718652919724462,1786723200000,False,False,False,-0.16697129340931072,30%+
ARMUSDT,-0.3732835081716268,1786809600000,False,False,False,-0.16508620689655162,30%+
ARMUSDT,-0.36571968844266356,1786896000000,False,False,False,-0.17504258943781936,30%+
ARMUSDT,-0.4253632155460837,1786982400000,False,False,False,-0.07305790397192535,30%+
ARMUSDT,-0.4198786704495652,1787068800000,False,False,False,-0.07578528827037778,30%+
ARMUSDT,-0.4267417083564944,1787155200000,False,False,False,-0.06088642883115836,30%+
ARMUSDT,-0.39752376741101036,1787241600000,False,False,False,-0.05223241590214067,30%+
ARMUSDT,-0.35064373039056584,1787328000000,False,False,False,-0.03182272575808065,30%+
ARMUSDT,-0.30839523475823405,1787414400000,False,False,False,-0.05791756170712925,30%+
ARMUSDT,-0.33182901191310443,1787500800000,False,False,False,-0.02487729160548735,30%+
ARMUSDT,-0.3151226348983882,1787587200000,False,False,False,-0.04866369254696523,30%+
ARMUSDT,-0.32459705676243866,1787673600000,False,False,False,-0.03531853081552183,30%+
ARMUSDT,-0.2925858444288717,1787760000000,False,False,False,-0.07897135158695567,20-30%
ARMUSDT,-0.32199018920812894,1787846400000,False,False,False,-0.03902761700016533,30%+
ARMUSDT,-0.3282130343377716,1787932800000,False,False,False,-0.03012601185012098,30%+
ARMUSDT,-0.29282333002162364,1788019200000,False,False,False,-0.03954382050328498,20-30%
ARMUSDT,-0.283835600023965,1788105600000,False,False,False,-0.027732463295269127,20-30%
ARMUSDT,-0.2943802049008447,1788192000000,False,False,False,-0.013203141583527978,20-30%
ARMUSDT,-0.3036966029596788,1788278400000,False,False,False,0.03316985028394437,30%+
ARMUSDT,-0.28060032352764963,1788364800000,False,False,False,0.04834478450968138,20-30%
ARMUSDT,-0.24576118866454977,1788451200000,False,False,False,-7.943442688063129e-05,20-30%
ARMUSDT,-0.2458211011922593,1788537600000,False,False,False,0.0012313314267555775,20-30%
ARMUSDT,-0.2448924570127614,1788624000000,False,False,False,0.005434998214781661,20-30%
ARMUSDT,-0.24078844886465756,1788710400000,False,False,False,0.0054056186868687295,20-30%
ARMUSDT,-0.18838232597934357,1788796800000,False,False,False,-0.040661119686758784,15-20%
ARMUSDT,-0.19039907107498621,1788883200000,False,False,False,-0.038271371956972944,15-20%
WDCUSDT,-0.30036583181969345,1783872000000,False,False,False,-0.20504241626444353,30%+
WDCUSDT,-0.2743226994806722,1783958400000,False,False,False,-0.23357188183036037,20-30%
WDCUSDT,-0.34357491877510304,1784044800000,False,False,False,-0.15271444717253202,30%+
WDCUSDT,-0.3975798818081814,1784131200000,False,False,False,-0.07675811109223707,30%+
WDCUSDT,-0.39147842103916697,1784217600000,False,False,False,-0.08601517667584557,30%+
WDCUSDT,-0.39264243137455546,1784304000000,False,False,False,-0.08426351038288193,30%+
WDCUSDT,-0.38917598301312395,1784390400000,False,False,False,-0.0894603480409607,30%+
WDCUSDT,-0.35799073908260626,1784476800000,False,False,False,-0.1336893068478413,30%+
WDCUSDT,-0.3020926603392259,1784563200000,False,False,False,-0.20307545682813732,30%+
WDCUSDT,-0.2809613957890966,1784649600000,False,False,False,-0.22649565047231068,20-30%
WDCUSDT,-0.2804753255391542,1784736000000,False,False,False,-0.2270181863433539,20-30%
WDCUSDT,-0.31296528435109616,1784822400000,False,False,False,-0.19046377836942152,30%+
WDCUSDT,-0.34324234439356327,1784908800000,False,False,False,-0.1531435026488004,30%+
WDCUSDT,-0.3255007802706644,1784995200000,False,False,False,-0.17541863419999615,30%+
WDCUSDT,-0.3724449333572104,1785081600000,False,False,False,-0.11373596135423247,30%+
WDCUSDT,-0.4212054542198572,1785168000000,False,False,False,-0.0390726866892086,30%+
WDCUSDT,-0.4009056256235769,1785254400000,False,False,False,-0.07163293193270137,30%+
WDCUSDT,-0.32521937117859245,1785340800000,False,False,False,-0.17576251587587433,30%+
WDCUSDT,-0.2970528793266648,1785427200000,False,False,False,-0.20878900918933663,20-30%
WDCUSDT,-0.3130420322852977,1785513600000,False,False,False,-0.190373335816032,30%+
WDCUSDT,-0.30032745785259274,1785600000000,False,False,False,-0.2050860161977367,30%+
WDCUSDT,-0.33684668321011013,1785686400000,False,False,False,-0.16131085564385472,30%+
WDCUSDT,-0.3015554247998158,1785772800000,False,False,False,-0.20368844202699476,30%+
WDCUSDT,-0.29400854460334114,1785859200000,False,False,False,-0.21220082256807926,20-30%
WDCUSDT,-0.3995753280974187,1785945600000,False,False,False,-0.07368981678738806,30%+
WDCUSDT,-0.44382051216454754,1786032000000,False,False,False,0.0007819507371034096,30%+
WDCUSDT,-0.43953541917163386,1786118400000,False,False,False,-0.006869636662406586,30%+
WDCUSDT,-0.441032003888562,1786204800000,False,False,False,-0.004210622668710973,30%+
WDCUSDT,-0.431067563764742,1786291200000,False,False,False,-0.02165115337919865,30%+
WDCUSDT,-0.43517357824451885,1786377600000,False,False,False,-0.01453903118418376,30%+
WDCUSDT,-0.41189337153674943,1786464000000,False,False,False,-0.053548513387128405,30%+
WDCUSDT,-0.3736984829491673,1786550400000,False,False,False,-0.11126769193064157,30%+
WDCUSDT,-0.37130650566655576,1786636800000,False,False,False,-0.114649033570702,30%+
WDCUSDT,-0.3551382741947863,1786723200000,False,False,False,-0.13684690760503038,30%+
WDCUSDT,-0.34962521425464965,1786809600000,False,False,False,-0.14416363457567116,30%+
WDCUSDT,-0.3122233876538155,1786896000000,False,False,False,-0.1907046811359706,30%+
WDCUSDT,-0.36085599529279333,1786982400000,False,False,False,-0.12912522264694704,30%+
WDCUSDT,-0.3914144644273325,1787068800000,False,False,False,-0.08539661187944003,30%+
WDCUSDT,-0.39353782394023895,1787155200000,False,False,False,-0.08219438116932432,30%+
WDCUSDT,-0.3770931458230483,1787241600000,False,False,False,-0.06790189568383853,30%+
WDCUSDT,-0.32841133816743573,1787328000000,False,False,False,-0.050844130349430694,30%+
WDCUSDT,-0.3209551014429063,1787414400000,False,False,False,-0.06126631431345064,30%+
WDCUSDT,-0.3625576796308504,1787500800000,False,False,False,0.0162472710559578,30%+
WDCUSDT,-0.30976462508584623,1787587200000,False,False,False,0.006512595540681065,30%+
WDCUSDT,-0.27653430729849526,1787673600000,False,False,False,-0.039718668421393266,20-30%
WDCUSDT,-0.2910189174002621,1787760000000,False,False,False,-0.02009994936485915,20-30%
WDCUSDT,-0.28029593556845844,1787846400000,False,False,False,-0.03469963131641729,20-30%
WDCUSDT,-0.27943747268527186,1787932800000,False,False,False,-0.03584966966316461,20-30%
WDCUSDT,-0.23259050617181665,1788019200000,False,False,False,-0.03901375304963617,20-30%
WDCUSDT,-0.23790994052676295,1788105600000,False,False,False,-0.007558696960913269,20-30%
WDCUSDT,-0.22694987255734922,1788192000000,False,False,False,-0.021629225831977794,20-30%
WDCUSDT,-0.24358538657604079,1788278400000,False,False,False,-0.0001123216893180734,20-30%
WDCUSDT,-0.24367034834324552,1788364800000,False,False,False,0.03520557178162198,20-30%
WDCUSDT,-0.21704333050127445,1788451200000,False,False,False,0.010547561690214202,20-30%
WDCUSDT,-0.20771452846219207,1788537600000,False,False,False,-0.0013511774546390853,20-30%
WDCUSDT,-0.20745964316057774,1788624000000,False,False,False,-0.0016723483630283198,20-30%
WDCUSDT,-0.20120645709430762,1788710400000,False,False,False,-0.009487544938203252,20-30%
WDCUSDT,-0.17818125334391877,1788796800000,False,False,False,-0.02213495180292757,15-20%
WDCUSDT,-0.14647658825356824,1788883200000,False,False,False,-0.0584583653496179,10-15%
BMNRUSDT,-0.08254545454545459,1784217600000,True,True,True,0.037389351301360785,8-10%
BMNRUSDT,-0.09933513635339197,1784822400000,True,True,True,-0.00012511729746633726,8-10%
BMNRUSDT,-0.0994478251070543,1784908800000,True,True,True,0.0220233998623538,8-10%
BMNRUSDT,-0.09093301255544695,1787932800000,False,False,False,-0.043749741553984145,8-10%
BMNRUSDT,-0.08416660401473575,1788105600000,False,False,False,-0.05081476008701713,8-10%
BMNRUSDT,-0.09258702353206527,1788192000000,False,False,False,-0.042006711131364116,8-10%
BMNRUSDT,-0.1307044583114052,1788278400000,False,False,False,0.051156756756756794,10-15%
COHRUSDT,-0.2172202148195812,1783872000000,False,False,False,-0.2908723007366658,20-30%
COHRUSDT,-0.2270207394941346,1783958400000,False,False,False,-0.28188134345083726,20-30%
COHRUSDT,-0.28156709399594115,1784044800000,False,False,False,-0.22735884804850326,20-30%
COHRUSDT,-0.30780082166014944,1784131200000,False,False,False,-0.1980764417748222,30%+
COHRUSDT,-0.30215809533237636,1784217600000,False,False,False,-0.20456076887612162,30%+
COHRUSDT,-0.31963074790872636,1784304000000,False,False,False,-0.18413298897821118,30%+
COHRUSDT,-0.3195070039103104,1784390400000,False,False,False,-0.18428135001454748,30%+
COHRUSDT,-0.26896995495718456,1784476800000,False,False,False,-0.24067303134944817,20-30%
COHRUSDT,-0.22531307231599274,1784563200000,False,False,False,-0.283464315379209,20-30%
COHRUSDT,-0.210983517299411,1784649600000,False,False,False,-0.2964775257990653,20-30%
COHRUSDT,-0.2190021283967728,1784736000000,False,False,False,-0.2892543651170897,20-30%
COHRUSDT,-0.28055239320892944,1784822400000,False,False,False,-0.2284485724114207,20-30%
COHRUSDT,-0.29750532099193183,1784908800000,False,False,False,-0.20982913510657042,20-30%
COHRUSDT,-0.29084789387714693,1784995200000,False,False,False,-0.21724715571996933,20-30%
COHRUSDT,-0.35900608820472213,1785081600000,False,False,False,-0.13401544401544407,30%+
COHRUSDT,-0.40288571004306284,1785168000000,False,False,False,-0.0703775852779045,30%+
COHRUSDT,-0.44490917190516266,1785254400000,False,False,False,0.10499799366891094,30%+
COHRUSDT,-0.38662574865119037,1785340800000,False,False,False,0.04874112330535829,30%+
COHRUSDT,-0.35271989308518537,1785427200000,False,False,False,-0.006194081211287061,30%+
COHRUSDT,-0.3567291986338662,1785513600000,False,False,False,0.030163127116035637,30%+
COHRUSDT,-0.33732613968222547,1785600000000,False,False,False,0.0023902001792650562,30%+
COHRUSDT,-0.2895609562936198,1785686400000,False,False,False,-0.0650038319515085,20-30%
COHRUSDT,-0.18588823442063063,1785772800000,False,False,False,-0.18407052743578056,15-20%
COHRUSDT,-0.17658268573974167,1785859200000,False,False,False,-0.19329145502088907,15-20%
COHRUSDT,-0.1573033707865169,1785945600000,False,False,False,-0.21174743024963294,15-20%
COHRUSDT,-0.16537147948324504,1786291200000,False,False,False,-0.204127624243862,15-20%
COHRUSDT,-0.1920506855417513,1786377600000,False,False,False,-0.17784720945904553,15-20%
COHRUSDT,-0.10953818739791121,1786464000000,False,False,False,-0.25403001667593117,10-15%
COHRUSDT,-0.1650992426867296,1786550400000,False,False,False,-0.20438713502297334,15-20%
COHRUSDT,-0.19781715586794046,1786636800000,False,False,False,-0.17193718569709693,15-20%
COHRUSDT,-0.18288122070409885,1786723200000,False,False,False,-0.18103316754645604,15-20%
COHRUSDT,-0.17315747481799137,1786809600000,False,False,False,-0.19066429454512568,15-20%
COHRUSDT,-0.10631295502144211,1786896000000,False,False,False,-0.25119964289699814,10-15%
COHRUSDT,-0.22511718360426836,1786982400000,False,False,False,-0.1363943498825575,20-30%
COHRUSDT,-0.268649645955919,1787068800000,False,False,False,-0.08498960215456997,20-30%
COHRUSDT,-0.28742395532063425,1787155200000,False,False,False,-0.06088173547935627,20-30%
COHRUSDT,-0.2873242245935973,1787241600000,False,False,False,-0.0610131542121467,20-30%
COHRUSDT,-0.30093202309796374,1787328000000,False,False,False,-0.02760669516701686,30%+
COHRUSDT,-0.28563468746834153,1787414400000,False,False,False,-0.04842941218180541,20-30%
COHRUSDT,-0.3015647586923994,1787500800000,False,False,False,-0.02541757443718229,30%+
COHRUSDT,-0.27046873400880156,1787587200000,False,False,False,-0.05867499035527657,20-30%
COHRUSDT,-0.2558335891925083,1787673600000,False,False,False,-0.07718755372184993,20-30%
COHRUSDT,-0.24360352062224944,1787760000000,False,False,False,-0.09210837871663913,20-30%
COHRUSDT,-0.27783747825197,1787846400000,False,False,False,-0.049069973427812275,20-30%
COHRUSDT,-0.28402927028963254,1787932800000,False,False,False,-0.040846228067040746,20-30%
COHRUSDT,-0.2808822024357793,1788019200000,False,False,False,-0.045043762897602035,20-30%
COHRUSDT,-0.2926261385733291,1788105600000,False,False,False,-0.029189423807284842,20-30%
COHRUSDT,-0.3040118718657251,1788192000000,False,False,False,-0.013307845011396258,30%+
COHRUSDT,-0.31314604441715277,1788278400000,False,False,False,-0.0001862544235425867,30%+
COHRUSDT,-0.3132739740047078,1788364800000,False,False,False,0.04046199701937403,30%+
COHRUSDT,-0.2759185344386449,1788451200000,False,False,False,-0.01321554770318023,20-30%
COHRUSDT,-0.2854876675877597,1788537600000,False,False,False,0.0023275800329443097,20-30%
COHRUSDT,-0.2838245829495445,1788624000000,False,False,False,0.030902790182558704,20-30%
COHRUSDT,-0.26169276430252786,1788710400000,False,False,False,0.046576102023842436,20-30%
COHRUSDT,-0.2095742503326169,1788796800000,False,False,False,-0.0224322662091736,20-30%
COHRUSDT,-0.211365264558387,1788883200000,False,False,False,-0.020212179216818615,20-30%
SKUUUSDT,-0.1656482367665464,1787760000000,False,True,True,-0.0075884584840730795,15-20%
SKUUUSDT,-0.17124346609732755,1787846400000,False,True,True,-0.0008883361463978279,15-20%
SKUUUSDT,-0.16218802915408959,1787932800000,False,True,True,-0.011687170474516728,15-20%
SKUUUSDT,-0.14547596260030926,1788019200000,False,True,True,-0.031015766347893492,10-15%
SKUUUSDT,-0.15758668924390773,1788105600000,False,True,True,-0.01708542713567851,15-20%
SKUUUSDT,-0.14488699109180592,1788192000000,False,True,True,-0.03168316831683171,10-15%
SKUUUSDT,-0.15777074284031511,1788278400000,True,True,True,-0.01687062937062933,15-20%
SKUUUSDT,-0.17197968048295664,1788364800000,True,True,True,0.11900951364808399,15-20%
KIOXIAUSDT,-0.40440441869094845,1783872000000,False,False,False,-0.4410629987299609,30%+
KIOXIAUSDT,-0.3741472326092541,1783958400000,False,False,False,-0.46808510638297873,30%+
KIOXIAUSDT,-0.3987811492021808,1784044800000,False,False,False,-0.44629080118694364,30%+
KIOXIAUSDT,-0.4825164844575115,1784131200000,False,False,False,-0.356693695184511,30%+
KIOXIAUSDT,-0.519053463876916,1784217600000,False,False,False,-0.30782242269570903,30%+
KIOXIAUSDT,-0.5170553478149174,1784304000000,False,False,False,-0.31068621076895797,30%+
KIOXIAUSDT,-0.5105186538406645,1784390400000,False,False,False,-0.31989153254023783,30%+
KIOXIAUSDT,-0.49227870864613366,1784476800000,False,False,False,-0.34432450666216907,30%+
KIOXIAUSDT,-0.43531812862158537,1784563200000,False,False,False,-0.4104637937571085,30%+
KIOXIAUSDT,-0.41899066594353895,1784649600000,False,False,False,-0.4270308776928934,30%+
KIOXIAUSDT,-0.4576970285159706,1784736000000,False,False,False,-0.3861357475590179,30%+
KIOXIAUSDT,-0.5191390974224303,1784822400000,False,False,False,-0.30769915706992756,30%+
KIOXIAUSDT,-0.5270316558673251,1784908800000,False,False,False,-0.2961465342949394,30%+
KIOXIAUSDT,-0.49975737162104295,1784995200000,False,False,False,-0.33452211126961484,30%+
KIOXIAUSDT,-0.5673365112893558,1785081600000,False,False,False,-0.23057892132607616,30%+
KIOXIAUSDT,-0.6166614335055519,1785168000000,False,False,False,-0.13157600804199698,30%+
KIOXIAUSDT,-0.667099591813433,1785254400000,False,False,False,0.16077170418006426,30%+
KIOXIAUSDT,-0.5838495133160163,1785340800000,False,False,False,-0.07143837025859112,30%+
KIOXIAUSDT,-0.604901093254931,1785427200000,False,False,False,-0.021962937542896355,30%+
KIOXIAUSDT,-0.6135786258670397,1785513600000,False,False,False,0.04062788550323182,30%+
KIOXIAUSDT,-0.5978791425227643,1785600000000,False,False,False,0.04887311446317644,30%+
KIOXIAUSDT,-0.5619130534067879,1785686400000,False,False,False,-0.03723733507085847,30%+
KIOXIAUSDT,-0.5093626009762224,1785772800000,False,False,False,-0.14035547022718675,30%+
KIOXIAUSDT,-0.5087917106727942,1785859200000,False,False,False,-0.14135456315193085,30%+
KIOXIAUSDT,-0.5431593069391716,1785945600000,False,False,False,-0.07675966134524659,30%+
KIOXIAUSDT,-0.5707903976250963,1786032000000,False,False,False,-0.017324510358128653,30%+
KIOXIAUSDT,-0.5722889846715953,1786118400000,False,False,False,-0.013881473571810021,30%+
KIOXIAUSDT,-0.5707903976250963,1786204800000,False,False,False,-0.017324510358128653,30%+
KIOXIAUSDT,-0.5782262438272485,1786291200000,False,False,False,0.01678397401191134,30%+
KIOXIAUSDT,-0.571147204064739,1786377600000,False,False,False,0.012879392971246073,30%+
KIOXIAUSDT,-0.5329546427653926,1786464000000,False,False,False,-0.06994866153281987,30%+
KIOXIAUSDT,-0.48996660291724936,1786550400000,False,False,False,-0.14833781061114837,30%+
KIOXIAUSDT,-0.5152998601318757,1786636800000,False,False,False,-0.1038249757074291,30%+
KIOXIAUSDT,-0.5129306653726486,1786723200000,False,False,False,-0.10818413572830887,30%+
KIOXIAUSDT,-0.5124739531299061,1786809600000,False,False,False,-0.10901958488246133,30%+
KIOXIAUSDT,-0.42561299346330606,1786896000000,False,False,False,-0.24375698844576954,30%+
KIOXIAUSDT,-0.5084063597179802,1786982400000,False,False,False,-0.11639182441063745,30%+
KIOXIAUSDT,-0.532312391174036,1787068800000,False,False,False,-0.07122585370319501,30%+
KIOXIAUSDT,-0.5333399937202066,1787155200000,False,False,False,-0.06918065877603452,30%+
KIOXIAUSDT,-0.5069855072463768,1787241600000,False,False,False,-0.10532659180433879,30%+
KIOXIAUSDT,-0.48563976727317626,1787328000000,False,False,False,-0.08683128806744878,30%+
KIOXIAUSDT,-0.4826303686899085,1787414400000,False,False,False,-0.0921429423696456,30%+
KIOXIAUSDT,-0.5215364908869238,1787500800000,False,False,False,-0.018320807663774308,30%+
KIOXIAUSDT,-0.46049064673098616,1787587200000,False,False,False,-0.05015292428687346,30%+
KIOXIAUSDT,-0.46786550150696227,1787673600000,False,False,False,-0.03698898873560308,30%+
KIOXIAUSDT,-0.4535535687225336,1787760000000,False,False,False,-0.062211129598816806,30%+
KIOXIAUSDT,-0.4835244397299253,1787846400000,False,False,False,-0.007791615048575284,30%+
KIOXIAUSDT,-0.48754861847754705,1787932800000,False,False,False,0.0035156891736487506,30%+
KIOXIAUSDT,-0.4362968568317306,1788019200000,False,False,False,0.03123567546329631,30%+
KIOXIAUSDT,-0.4186892083940865,1788105600000,False,False,False,0.027114554229108467,30%+
KIOXIAUSDT,-0.40239198242926477,1788192000000,False,False,False,-0.0008956422372525807,30%+
KIOXIAUSDT,-0.4029272254111219,1788278400000,False,False,False,0.03214837712519314,30%+
KIOXIAUSDT,-0.38373230468245323,1788364800000,False,False,False,0.0875112309074575,30%+
KIOXIAUSDT,-0.2874690946195204,1788451200000,False,False,False,0.005287508261731633,20-30%
KIOXIAUSDT,-0.27916879243357795,1788537600000,False,False,False,-0.006288280930992207,20-30%
KIOXIAUSDT,-0.283701581570582,1788624000000,False,False,False,0.0036982248520709415,20-30%
KIOXIAUSDT,-0.24891095325929125,1788710400000,False,False,False,-0.04279332236068656,20-30%
KIOXIAUSDT,-0.23769147702275728,1788796800000,False,False,False,-0.03885099685204618,20-30%
KIOXIAUSDT,-0.2527096748390193,1788883200000,False,False,False,-0.019534908614091906,20-30%
TSMUSDT,-0.08517115122615804,1783872000000,False,False,False,-0.12248981966259453,8-10%
TSMUSDT,-0.09975306539509543,1783958400000,False,False,False,-0.1082761882241664,8-10%
TSMUSDT,-0.11186563351498635,1784044800000,False,False,False,-0.09611466647491662,10-15%
TSMUSDT,-0.12934264305177112,1784131200000,False,False,False,-0.07797066014669918,10-15%
TSMUSDT,-0.1422428474114441,1784217600000,False,False,False,-0.06410383679952347,10-15%
TSMUSDT,-0.15188606948228878,1784304000000,False,False,False,-0.053462513491127295,15-20%
TSMUSDT,-0.14858651226158037,1784390400000,False,False,False,-0.057130713071307015,10-15%
TSMUSDT,-0.13747445504087186,1784476800000,False,False,False,-0.06927785181894464,10-15%
TSMUSDT,-0.10509621934604907,1784563200000,False,False,False,-0.10295202074264365,10-15%
TSMUSDT,-0.09726243188010897,1784649600000,False,False,False,-0.11073643502251984,8-10%
TSMUSDT,-0.11531420299727524,1784736000000,False,False,False,-0.09259125580500005,10-15%
TSMUSDT,-0.13091791553133514,1784822400000,False,False,False,-0.0762994170381619,10-15%
TSMUSDT,-0.13683583106267028,1784908800000,False,False,False,-0.06996645950478442,10-15%
TSMUSDT,-0.12683072207084467,1784995200000,False,False,False,-0.08062314106002244,10-15%
TSMUSDT,-0.16040105585831055,1785081600000,False,False,False,-0.043862985218427575,15-20%
TSMUSDT,-0.1624020776566757,1785168000000,False,False,False,-0.04157877347701222,15-20%
TSMUSDT,-0.19722837193460485,1785254400000,False,False,False,0.06515340351621535,15-20%
TSMUSDT,-0.14492506811989103,1785340800000,False,False,False,0.00403306114319868,10-15%
TSMUSDT,-0.13491995912806543,1785427200000,False,False,False,-0.007579113145331884,10-15%
TSMUSDT,-0.13626106948228878,1785513600000,False,False,False,-0.006038200862600096,10-15%
TSMUSDT,-0.11912465940054495,1785600000000,False,False,False,-0.025374577090381822,10-15%
TSMUSDT,-0.14147649863760214,1785686400000,False,False,False,0.015869080089263576,10-15%
TSMUSDT,-0.11459042915531337,1785772800000,False,False,False,-0.01497848195609841,10-15%
TSMUSDT,-0.11580381471389645,1785859200000,False,False,False,-0.013626733436055583,10-15%
TSMUSDT,-0.10594771798365121,1785945600000,False,False,False,-0.024500583347222604,10-15%
TSMUSDT,-0.10705466621253401,1786032000000,False,False,False,-0.023291296159439367,10-15%
TSMUSDT,-0.10281846049046328,1786118400000,False,False,False,-0.027903003843781082,10-15%
TSMUSDT,-0.10309519754768393,1786204800000,False,False,False,-0.027603066479956362,10-15%
TSMUSDT,-0.09455892370572205,1786291200000,False,False,False,-0.03677058353317342,8-10%
TSMUSDT,-0.1003916893732969,1786377600000,False,False,False,-0.030525319451017552,10-15%
TSMUSDT,-0.084787976839237,1786464000000,False,False,False,-0.047054171609331785,8-10%
TSMUSDT,-0.09238760217983644,1786636800000,False,False,False,-0.03907496012759182,8-10%
TSMUSDT,-0.0937287125340599,1786723200000,False,False,False,-0.03765297254128208,8-10%
TSMUSDT,-0.09059945504087197,1786809600000,False,False,False,-0.040964419475655434,8-10%
TSMUSDT,-0.11729393732970017,1786982400000,False,False,False,-0.01196160709979266,10-15%
TSMUSDT,-0.12138113079019075,1787068800000,False,False,False,-0.0073654116392887214,10-15%
TSMUSDT,-0.11733651226158037,1787155200000,False,False,False,-0.01191394945012536,10-15%
TSMUSDT,-0.10726754087193457,1787241600000,False,False,False,-0.02305839711948876,10-15%
TSMUSDT,-0.1042799564967053,1787328000000,False,False,False,-0.02459348141799389,10-15%
TSMUSDT,-0.10521826285373093,1787414400000,False,False,False,-0.023570628470649835,10-15%
TSMUSDT,-0.12630883074232835,1787500800000,False,False,False,0.006102025872589678,10-15%
TSMUSDT,-0.11368434521143878,1787587200000,False,False,False,-0.008228670420095341,10-15%
TSMUSDT,-0.11157315590813122,1787673600000,False,False,False,-0.010585439619788306,10-15%
TSMUSDT,-0.09372400998016761,1787760000000,False,False,False,-0.030072003388394775,8-10%
TSMUSDT,-0.1015076877145843,1787846400000,False,False,False,-0.021669475233190072,10-15%
TSMUSDT,-0.10374682788475897,1787932800000,False,False,False,-0.019225278385837985,10-15%
TSMUSDT,-0.08152387609768885,1788019200000,False,False,False,-0.019645150549398305,8-10%
TSMUSDT,-0.08696317008169852,1788105600000,False,False,False,-0.01380481852764559,8-10%
TSMUSDT,-0.09113547992485471,1788192000000,False,False,False,-0.009277508051723338,8-10%
TSMUSDT,-0.09668399667962779,1788278400000,False,False,False,-0.0031921067904816525,8-10%
TSMUSDT,-0.09956747782777753,1788364800000,False,False,False,0.033794274623969,8-10%
QCOMUSDT,-0.20281339794999353,1783872000000,False,False,False,-0.20943619539487845,20-30%
QCOMUSDT,-0.22747351717630915,1783958400000,False,False,False,-0.18420029978348973,20-30%
QCOMUSDT,-0.24428528541407546,1784044800000,False,False,False,-0.16605186992792698,20-30%
QCOMUSDT,-0.259038469785993,1784131200000,False,False,False,-0.14944724199803217,20-30%
QCOMUSDT,-0.27434918728824464,1784217600000,False,False,False,-0.1315011820330969,20-30%
QCOMUSDT,-0.265771754513874,1784304000000,False,False,False,-0.1416471962616822,20-30%
QCOMUSDT,-0.2693313891152378,1784390400000,False,False,False,-0.1374655162293832,20-30%
QCOMUSDT,-0.2557790453317321,1784476800000,False,False,False,-0.15317236212758611,20-30%
QCOMUSDT,-0.254964189218167,1784563200000,False,False,False,-0.15409854938982281,20-30%
QCOMUSDT,-0.23978213320753095,1784649600000,False,False,False,-0.17099176351122647,20-30%
QCOMUSDT,-0.273920315649526,1784736000000,False,False,False,-0.13201417601890153,20-30%
QCOMUSDT,-0.2756358022044002,1784822400000,False,False,False,-0.12995855535820022,20-30%
QCOMUSDT,-0.28039627739417594,1784908800000,False,False,False,-0.12420287263841712,20-30%
QCOMUSDT,-0.2711326499978557,1784995200000,False,False,False,-0.1353339217416888,20-30%
QCOMUSDT,-0.2851996397478235,1785081600000,False,False,False,-0.11831763364732706,20-30%
QCOMUSDT,-0.2836557018484367,1785168000000,False,False,False,-0.12021792492366645,20-30%
QCOMUSDT,-0.3146202341639147,1785254400000,False,False,False,-0.08047055878856146,30%+
QCOMUSDT,-0.34811510914783206,1785340800000,False,False,False,-0.03322368421052635,30%+
QCOMUSDT,-0.3637689239610584,1785427200000,False,False,False,-0.009437141894169221,30%+
QCOMUSDT,-0.3697731269031179,1785513600000,False,False,False,0.018441646818645907,30%+
QCOMUSDT,-0.3550628296950723,1785600000000,False,False,False,-0.004787870727490318,30%+
QCOMUSDT,-0.35815070549384564,1785686400000,False,False,False,0.052251770680208365,30%+
QCOMUSDT,-0.3037697817043359,1785772800000,False,False,False,-0.02993716890476783,30%+
QCOMUSDT,-0.3246129433460565,1785859200000,False,False,False,0.0016510033020067372,30%+
QCOMUSDT,-0.312475875970322,1785945600000,False,False,False,-0.016031439086769295,30%+
QCOMUSDT,-0.28880216151305904,1786032000000,False,False,False,-0.04878490019899895,20-30%
QCOMUSDT,-0.27833769352832693,1786118400000,False,False,False,-0.06257799964343025,20-30%
QCOMUSDT,-0.2796671956083544,1786204800000,False,False,False,-0.06084782090974039,20-30%
QCOMUSDT,-0.2937341853583222,1786291200000,False,False,False,-0.04214233665290257,20-30%
QCOMUSDT,-0.3005532444139468,1786377600000,False,False,False,-0.032803973266294695,30%+
QCOMUSDT,-0.30329802290174557,1786464000000,False,False,False,-0.028993536472760706,30%+
QCOMUSDT,-0.2933910880473475,1786550400000,False,False,False,-0.04260742898761827,20-30%
QCOMUSDT,-0.2959214307157868,1786636800000,False,False,False,-0.03916671742705724,20-30%
QCOMUSDT,-0.29111806836213916,1786723200000,False,False,False,-0.04567729445217483,20-30%
QCOMUSDT,-0.29249045760603853,1786809600000,False,False,False,-0.043826150209128834,20-30%
QCOMUSDT,-0.2977655787622764,1786896000000,False,False,False,-0.03664345914254308,20-30%
QCOMUSDT,-0.31762233563494435,1786982400000,False,False,False,-0.008610395323989772,30%+
QCOMUSDT,-0.30677188317536563,1787068800000,False,False,False,-0.02412769116555291,30%+
QCOMUSDT,-0.29690783548483934,1787155200000,False,False,False,-0.0378187141637184,20-30%
QCOMUSDT,-0.2906808305166586,1787241600000,False,False,False,-0.023825731790333537,20-30%
QCOMUSDT,-0.2298398695944004,1787328000000,False,False,False,-0.01805278884462136,20-30%
QCOMUSDT,-0.22782625371560072,1787414400000,False,False,False,-0.020613435986588824,20-30%
QCOMUSDT,-0.24374340780515868,1787500800000,False,False,False,0.01844807911753521,20-30%
QCOMUSDT,-0.1985532551758542,1787587200000,False,False,False,0.007282913165266081,15-20%
QCOMUSDT,-0.16857627292812005,1787673600000,False,False,False,0.006179705846001804,15-20%
QCOMUSDT,-0.1539331038380517,1787760000000,False,False,False,-0.011234590392906973,15-20%
QCOMUSDT,-0.16343831886142934,1787846400000,False,False,False,0.012222085738852861,15-20%
QCOMUSDT,-0.15321379026871496,1787932800000,False,False,False,0.00018202778957587817,15-20%
QCOMUSDT,-0.1530596516467142,1788019200000,False,False,False,0.012800291191458202,15-20%
QCOMUSDT,-0.1333812875712892,1788105600000,False,False,False,-0.010197426928321596,10-15%
QCOMUSDT,-0.14221856856599702,1788192000000,False,False,False,0.0077867625037437715,10-15%
QCOMUSDT,-0.1277295380979293,1788278400000,False,False,False,-0.008953289744949133,10-15%
QCOMUSDT,-0.13399784205929188,1788364800000,False,False,False,-0.001779887273806069,10-15%
QCOMUSDT,-0.1355392282792992,1788451200000,False,False,False,0.002555720653788951,10-15%
QCOMUSDT,-0.13332990803062217,1788537600000,False,False,False,0.0030234764050272034,10-15%
QCOMUSDT,-0.13070955145661,1788624000000,False,False,False,0.007920089839825062,10-15%
QCOMUSDT,-0.12382469300724452,1788710400000,False,False,False,0.027561132938485722,10-15%
APPUSDT,-0.21322218727063025,1783872000000,False,False,False,-0.32922413984584964,20-30%
APPUSDT,-0.2173639509279649,1783958400000,False,False,False,-0.3256743479814219,20-30%
APPUSDT,-0.20161825871168426,1784044800000,False,False,False,-0.33897340483747407,20-30%
APPUSDT,-0.22739505784488478,1784131200000,False,False,False,-0.3169192490386791,20-30%
APPUSDT,-0.26570200272622424,1784217600000,False,False,False,-0.28128421152839256,20-30%
APPUSDT,-0.25582817797350677,1784304000000,False,False,False,-0.2908202803935842,20-30%
APPUSDT,-0.2693893956869736,1784390400000,False,False,False,-0.2776568517233956,20-30%
APPUSDT,-0.2513019468036769,1784476800000,False,False,False,-0.2951076046869894,20-30%
APPUSDT,-0.2533815665303555,1784563200000,False,False,False,-0.29314420803782504,20-30%
APPUSDT,-0.27725350389710257,1784649600000,False,False,False,-0.26979713228715807,20-30%
APPUSDT,-0.30234874698542524,1784736000000,False,False,False,-0.24353097367300414,30%+
APPUSDT,-0.3166963755199049,1784822400000,False,False,False,-0.22764705882352942,30%+
APPUSDT,-0.30437593932403617,1784908800000,False,False,False,-0.241326466524306,30%+
APPUSDT,-0.3041837055677886,1784995200000,False,False,False,-0.24153606590315457,30%+
APPUSDT,-0.2876865541225403,1785081600000,False,False,False,-0.2591020608439647,20-30%
APPUSDT,-0.27471951347383883,1785168000000,False,False,False,-0.2723483205628644,20-30%
APPUSDT,-0.2925098738247528,1785254400000,False,False,False,-0.2540509831044363,20-30%
APPUSDT,-0.30187690049281746,1785340800000,False,False,False,-0.24404225493141085,30%+
APPUSDT,-0.32096046974939707,1785427200000,False,False,False,-0.22279699402923614,30%+
APPUSDT,-0.31451190101709137,1785513600000,False,False,False,-0.23010834926704904,30%+
APPUSDT,-0.31138373352906223,1785600000000,False,False,False,-0.23360572530707546,30%+
APPUSDT,-0.2923875432525952,1785686400000,False,False,False,-0.254179941221506,20-30%
APPUSDT,-0.26942434727901854,1785772800000,False,False,False,-0.2776222939839732,20-30%
APPUSDT,-0.2568592499388347,1785859200000,False,False,False,-0.28983632772081647,20-30%
APPUSDT,-0.41192198804655555,1785945600000,False,False,False,-0.10258238982496803,30%+
APPUSDT,-0.39446366782006925,1786032000000,False,False,False,-0.12845598845598838,30%+
APPUSDT,-0.3895354933417218,1786118400000,False,False,False,-0.13549181266460553,30%+
APPUSDT,-0.38072769214637725,1786204800000,False,False,False,-0.14778756067276222,30%+
APPUSDT,-0.4014539862290728,1786291200000,False,False,False,-0.11827737226277368,30%+
APPUSDT,-0.43521722414455977,1786377600000,False,False,False,-0.0655671761866452,30%+
APPUSDT,-0.45449302715738704,1786464000000,False,False,False,-0.032548454268780946,30%+
APPUSDT,-0.4559085666352103,1786550400000,False,False,False,-0.030031476842037552,30%+
APPUSDT,-0.4384327706127015,1786636800000,False,False,False,-0.060216593016742315,30%+
APPUSDT,-0.4460522176785152,1786723200000,False,False,False,-0.04729004984541618,30%+
APPUSDT,-0.4422774457376534,1786809600000,False,False,False,-0.05373817133546399,30%+
APPUSDT,-0.4512250533011779,1786896000000,False,False,False,-0.03830966180498052,30%+
APPUSDT,-0.45403865646080177,1786982400000,False,False,False,-0.03335360583848157,30%+
APPUSDT,-0.4513823354653804,1787068800000,False,False,False,-0.038033956614531905,30%+
APPUSDT,-0.4561532277795254,1787155200000,False,False,False,-0.029595115681233852,30%+
APPUSDT,-0.4672154066617734,1787241600000,False,False,False,-0.009446649391543938,30%+
APPUSDT,-0.4668484149453008,1787328000000,False,False,False,-0.0101284908876359,30%+
APPUSDT,-0.4675649225822236,1787414400000,False,False,False,-0.008796402665178782,30%+
APPUSDT,-0.472248435916256,1787500800000,False,False,False,0.01860988774462724,30%+
APPUSDT,-0.46242703855160605,1787587200000,False,False,False,0.001235330450895633,30%+
APPUSDT,-0.4617629583027507,1787673600000,False,False,False,0.0035715445306665483,30%+
APPUSDT,-0.45984062074027476,1787760000000,False,False,False,0.0018441230709502765,30%+
APPUSDT,-0.43876481073712914,1787846400000,False,False,False,-0.03577767398411946,30%+
APPUSDT,-0.44573765335011006,1787932800000,False,False,False,-0.023647370412410162,30%+
APPUSDT,-0.44449687183251196,1788019200000,False,False,False,-0.02582816874823035,30%+
APPUSDT,-0.4321707558587303,1788105600000,False,False,False,0.0003229348317508318,30%+
APPUSDT,-0.41853529216834195,1788192000000,False,False,False,-0.019250253292806385,30%+
APPUSDT,-0.42391104238005806,1788278400000,False,False,False,-0.010098427713153613,30%+
APPUSDT,-0.4051879671563754,1788364800000,False,False,False,-0.041257853848772785,30%+
APPUSDT,-0.4153871644758643,1788451200000,False,False,False,-0.024531569831522604,30%+
APPUSDT,-0.3939577611516243,1788537600000,False,False,False,-0.03187898487310914,30%+
APPUSDT,-0.38134727016758907,1788624000000,False,False,False,-0.034383864833691935,30%+
APPUSDT,-0.3815979789018956,1788710400000,False,False,False,-0.03399239069419335,30%+
APPUSDT,-0.39531771277833805,1788796800000,False,False,False,-0.0063833199679230734,30%+
APPUSDT,-0.38479871303449786,1788883200000,False,False,False,0.00839359504132231,30%+
BABAUSDT,-0.0909298606351382,1787328000000,False,False,False,-0.08737538745078333,8-10%
BABAUSDT,-0.1149188942197853,1787414400000,False,False,False,-0.06263982102908283,10-15%
BABAUSDT,-0.08613205391820888,1787500800000,False,False,False,-0.09216666666666673,8-10%
BABAUSDT,-0.09245297387860785,1787587200000,False,False,False,-0.08584375262230426,8-10%
BABAUSDT,-0.08034422359302407,1787673600000,False,False,False,-0.09788009274594245,8-10%
BABAUSDT,-0.12024979057192908,1787760000000,False,False,False,-0.05695983379501379,10-15%
BABAUSDT,-0.09725078059553727,1787846400000,False,False,False,-0.08098532141049442,8-10%
BABAUSDT,-0.09610844566293508,1787932800000,False,False,False,-0.08214676889375683,8-10%
BABAUSDT,-0.09473764374381233,1788019200000,False,False,False,-0.08353663666189959,8-10%
BABAUSDT,-0.12283908308582736,1788105600000,False,False,False,-0.05417607223476306,10-15%
BABAUSDT,-0.137917904196177,1788192000000,False,False,False,-0.03763250883392233,10-15%
BABAUSDT,-0.14507653644048435,1788278400000,False,False,False,-0.029574202743630873,10-15%
BABAUSDT,-0.15185439037392423,1788364800000,False,False,False,-0.021819161354045158,15-20%
BABAUSDT,-0.13753712588530964,1788451200000,False,False,False,-0.03805739514348783,10-15%
BABAUSDT,-0.13441474373619677,1788537600000,False,False,False,-0.04152736230863985,10-15%
BABAUSDT,-0.13814637118269746,1788624000000,False,False,False,-0.03737739683661756,10-15%
BABAUSDT,-0.14507653644048435,1788710400000,False,False,False,-0.029574202743630873,10-15%
BABAUSDT,-0.14827507425177056,1788796800000,False,False,False,-0.0259298998569385,10-15%
BABAUSDT,-0.1633538953621202,1788883200000,False,False,False,-0.008374294556708572,15-20%
IONQUSDT,-0.36765644955300125,1783872000000,False,False,False,-0.18252966422620542,30%+
IONQUSDT,-0.37420178799489145,1783958400000,False,False,False,-0.17397959183673473,30%+
IONQUSDT,-0.40038314176245204,1784044800000,False,False,False,-0.13791267305644306,30%+
IONQUSDT,-0.4323116219667944,1784131200000,False,False,False,-0.08942632170978626,30%+
IONQUSDT,-0.4426883780332057,1784217600000,False,False,False,-0.07247207103981645,30%+
IONQUSDT,-0.43981481481481477,1784304000000,False,False,False,-0.07722998005129666,30%+
IONQUSDT,-0.4190613026819924,1784390400000,False,False,False,-0.11019510854630388,30%+
IONQUSDT,-0.4415708812260537,1784476800000,False,False,False,-0.07432818753573456,30%+
IONQUSDT,-0.4273627075351214,1784563200000,False,False,False,-0.09729579035405622,30%+
IONQUSDT,-0.42784163473818637,1784649600000,False,False,False,-0.0965401785714286,30%+
IONQUSDT,-0.45274584929757344,1784736000000,False,False,False,-0.05542590431738614,30%+
IONQUSDT,-0.4639208173690933,1784822400000,False,False,False,-0.03573555687909458,30%+
IONQUSDT,-0.46855044699872284,1784908800000,False,False,False,-0.027335536197056087,30%+
IONQUSDT,-0.4605683269476373,1784995200000,False,False,False,-0.04172832198875398,30%+
IONQUSDT,-0.44029374201787996,1785081600000,False,False,False,-0.07644038790644603,30%+
IONQUSDT,-0.45721583652618136,1785168000000,False,False,False,-0.047647058823529376,30%+
IONQUSDT,-0.4830779054916986,1785254400000,False,False,False,0.06948733786287842,30%+
IONQUSDT,-0.4471583652618135,1785340800000,False,False,False,0.045047646549234655,30%+
IONQUSDT,-0.42225415070242656,1785427200000,False,False,False,0.010500138159712735,30%+
IONQUSDT,-0.41618773946360155,1785513600000,False,False,False,0.00656275635767023,30%+
IONQUSDT,-0.41235632183908044,1785600000000,False,False,False,0.02553653898397168,30%+
IONQUSDT,-0.36286717752235,1785686400000,False,False,False,-0.05412177399148077,30%+
IONQUSDT,-0.3395593869731801,1785772800000,False,False,False,-0.0875030215131738,30%+
IONQUSDT,-0.3521711366538953,1785859200000,False,False,False,-0.06973878758008867,30%+
IONQUSDT,-0.35233077905491694,1785945600000,False,False,False,-0.06950948977076654,30%+
IONQUSDT,-0.3066730523627076,1786032000000,False,False,False,-0.1307851715404098,30%+
IONQUSDT,-0.288154533844189,1786118400000,False,False,False,-0.15339762278537794,20-30%
IONQUSDT,-0.2795338441890166,1786204800000,False,False,False,-0.1635275869709728,20-30%
IONQUSDT,-0.3017241379310345,1786291200000,False,False,False,-0.13694558756287156,30%+
IONQUSDT,-0.31242017879948913,1786377600000,False,False,False,-0.12351985140469002,30%+
IONQUSDT,-0.2985312899106003,1786464000000,False,False,False,-0.14087391898042778,20-30%
IONQUSDT,-0.27490421455938696,1786550400000,False,False,False,-0.16886833993835315,20-30%
IONQUSDT,-0.26005747126436785,1786636800000,False,False,False,-0.18554476806903997,20-30%
IONQUSDT,-0.21467207572684244,1786723200000,False,False,False,-0.1874730951356005,20-30%
IONQUSDT,-0.2121365787694388,1786809600000,False,False,False,-0.1900879639562325,20-30%
IONQUSDT,-0.20351588911426644,1786896000000,False,False,False,-0.19885398981324276,20-30%
IONQUSDT,-0.23461798512508447,1786982400000,False,False,False,-0.16629858657243823,20-30%
IONQUSDT,-0.2638607167004733,1787068800000,False,False,False,-0.13318025258323762,20-30%
IONQUSDT,-0.3098377281947261,1787155200000,False,False,False,-0.07543472936566242,30%+
IONQUSDT,-0.24678837052062197,1787241600000,False,False,False,-0.15282764811490135,20-30%
IONQUSDT,-0.2391935759439604,1787328000000,False,False,False,-0.15225690545699533,20-30%
IONQUSDT,-0.16562384983437617,1787414400000,False,False,False,-0.1674018526687252,15-20%
IONQUSDT,-0.21451162790697675,1787500800000,False,False,False,-0.10587399336807202,20-30%
IONQUSDT,-0.21599999999999997,1787587200000,False,False,False,-0.10417655434266726,20-30%
IONQUSDT,-0.2472558139534884,1787673600000,False,False,False,-0.06697973306969851,20-30%
IONQUSDT,-0.20911627906976749,1787760000000,False,False,False,-0.11197365325805686,20-30%
IONQUSDT,-0.2690232558139535,1787846400000,False,False,False,-0.039195724102825125,20-30%
IONQUSDT,-0.2636279069767442,1787932800000,False,False,False,-0.04623547246083881,20-30%
IONQUSDT,-0.2643720930232558,1788019200000,False,False,False,-0.04527061203844207,20-30%
IONQUSDT,-0.21883548261039476,1788105600000,False,False,False,-0.05577788894447211,20-30%
IONQUSDT,-0.2545916373583431,1788192000000,False,False,False,-0.010484927916120546,20-30%
IONQUSDT,-0.2624071903087143,1788278400000,False,False,False,0.009801324503311282,20-30%
IONQUSDT,-0.22899570144587722,1788364800000,False,False,False,-0.033958438925494216,20-30%
IONQUSDT,-0.22762797967956228,1788451200000,False,False,False,-0.0356691120667848,20-30%
IONQUSDT,-0.15513582342954146,1788537600000,False,False,False,-0.04245164531524759,15-20%
IONQUSDT,-0.15089134125636672,1788624000000,False,False,False,-0.047238190452386974,15-20%
IONQUSDT,-0.13242784380305594,1788710400000,False,False,False,-0.06751467710371828,10-15%
IONQUSDT,-0.18739388794567058,1788883200000,False,False,False,-0.00443980151475587,15-20%
IRENUSDT,-0.35562354549449127,1783872000000,False,False,False,-0.22641747695416092,30%+
IRENUSDT,-0.3765521506338797,1783958400000,False,False,False,-0.20044898065728678,30%+
IRENUSDT,-0.369424056503979,1784044800000,False,False,False,-0.20948718610473072,30%+
IRENUSDT,-0.42944326004524236,1784131200000,False,False,False,-0.1263299010239881,30%+
IRENUSDT,-0.4470844793073706,1784217600000,False,False,False,-0.09845474613686545,30%+
IRENUSDT,-0.4555145084381662,1784304000000,False,False,False,-0.08449651791852231,30%+
IRENUSDT,-0.4567187983139942,1784390400000,False,False,False,-0.08246712398526201,30%+
IRENUSDT,-0.35162009536673877,1784476800000,False,False,False,-0.2311939961346352,30%+
IRENUSDT,-0.31921818803196256,1784563200000,False,False,False,-0.2677854274239817,30%+
IRENUSDT,-0.30538512864745226,1784649600000,False,False,False,-0.28236727426081254,30%+
IRENUSDT,-0.3234657509723827,1784736000000,False,False,False,-0.2631882802915494,30%+
IRENUSDT,-0.3521408693670969,1784822400000,False,False,False,-0.23057600040191917,30%+
IRENUSDT,-0.3986524972740736,1784908800000,False,False,False,-0.17106438256068857,30%+
IRENUSDT,-0.3862678405780591,1784995200000,False,False,False,-0.18779168434450577,30%+
IRENUSDT,-0.4264325353556724,1785081600000,False,False,False,-0.13091590057882196,30%+
IRENUSDT,-0.4357413706120723,1785168000000,False,False,False,-0.11657821873557905,30%+
IRENUSDT,-0.5015216365322961,1785254400000,False,False,False,0.15475024485798228,30%+
IRENUSDT,-0.39180106433186324,1785340800000,False,False,False,-0.0535695172856685,30%+
IRENUSDT,-0.4174817322245188,1785427200000,False,False,False,-0.011845560708498626,30%+
IRENUSDT,-0.3991407228994093,1785513600000,False,False,False,-0.04200861298448044,30%+
IRENUSDT,-0.3897342425179423,1785600000000,False,False,False,-0.05677484732926219,30%+
IRENUSDT,-0.3604081566227806,1785686400000,False,False,False,-0.10002290018065707,30%+
IRENUSDT,-0.3238726056601624,1785772800000,False,False,False,-0.14865450344196796,30%+
IRENUSDT,-0.3421322440477159,1785859200000,False,False,False,-0.12502473777953693,30%+
IRENUSDT,-0.35355672368057023,1785945600000,False,False,False,-0.10956145209203982,30%+
IRENUSDT,-0.3636467199375072,1786032000000,False,False,False,-0.09544268835353686,30%+
IRENUSDT,-0.3094374013377382,1786118400000,False,False,False,-0.1664506398322061,30%+
IRENUSDT,-0.310365030025876,1786204800000,False,False,False,-0.16532943175382298,30%+
IRENUSDT,-0.3523361596172312,1786291200000,False,False,False,-0.11123954066889463,30%+
IRENUSDT,-0.3502205152407767,1786377600000,False,False,False,-0.11413329326019994,30%+
IRENUSDT,-0.30567806402265363,1786464000000,False,False,False,-0.17096381023814,30%+
IRENUSDT,-0.25708334011424483,1786550400000,False,False,False,-0.2251916757940855,20-30%
IRENUSDT,-0.28361026575748205,1786636800000,False,False,False,-0.1965015901862791,20-30%
IRENUSDT,-0.2652199026322304,1786723200000,False,False,False,-0.2055969814032882,20-30%
IRENUSDT,-0.2556811618120307,1786809600000,False,False,False,-0.2157775708394306,20-30%
IRENUSDT,-0.23850152652859147,1786896000000,False,False,False,-0.23346986541837333,20-30%
IRENUSDT,-0.29266441125505405,1786982400000,False,False,False,-0.1747742703156716,20-30%
IRENUSDT,-0.29192177572406963,1787068800000,False,False,False,-0.17563977066144598,20-30%
IRENUSDT,-0.31062481433805333,1787155200000,False,False,False,-0.15326055731111754,30%+
IRENUSDT,-0.28491744756804993,1787241600000,False,False,False,-0.1510860434417377,20-30%
IRENUSDT,-0.26032606717857265,1787328000000,False,False,False,-0.1299107033037319,20-30%
IRENUSDT,-0.21559228438854172,1787414400000,False,False,False,-0.13541921290637982,20-30%
IRENUSDT,-0.15843523807559856,1787500800000,False,True,True,-0.1333006616025485,15-20%
IRENUSDT,-0.12636612021857918,1787587200000,False,True,True,-0.1619873480702254,10-15%
IRENUSDT,-0.1731246895181321,1787673600000,False,True,True,-0.11459897867227398,15-20%
IRENUSDT,-0.1491761881106144,1787760000000,False,True,True,-0.13952073956939548,10-15%
IRENUSDT,-0.23346986541837333,1787846400000,False,True,True,0.01713316369804918,20-30%
IRENUSDT,-0.22033677914309868,1787932800000,False,True,True,0.004002668445630464,20-30%
IRENUSDT,-0.21721604577075615,1788019200000,False,True,True,0.010686600221484044,20-30%
IRENUSDT,-0.20885074659211578,1788105600000,False,True,True,0.016326083383553236,20-30%
IRENUSDT,-0.19593437791214274,1788192000000,False,True,True,0.016144682227373197,15-20%
IRENUSDT,-0.1829529939535791,1788278400000,False,True,True,0.09644306517068513,15-20%
IRENUSDT,-0.10415447630193087,1788364800000,True,True,True,0.04545564506374422,10-15%
GMEUSDT,-0.16776171703898368,1785686400000,False,False,False,-0.057368421052631624,15-20%
GMEUSDT,-0.16776171703898368,1785772800000,False,False,False,-0.057368421052631624,15-20%
GMEUSDT,-0.16688567674113008,1785859200000,False,False,False,-0.05835962145110407,15-20%
GMEUSDT,-0.16469557599649576,1785945600000,False,False,False,-0.06082852648138437,15-20%
GMEUSDT,-0.15987735435830042,1786032000000,False,False,False,-0.06621480709071947,15-20%
GMEUSDT,-0.1576872536136662,1786118400000,False,False,False,-0.06864274570982842,15-20%
GMEUSDT,-0.1471747700394218,1786204800000,False,False,False,-0.08012326656394442,10-15%
GMEUSDT,-0.1576872536136662,1786291200000,False,False,False,-0.06864274570982842,15-20%
GMEUSDT,-0.1809023215067893,1786377600000,False,False,False,-0.042245989304812825,15-20%
GMEUSDT,-0.18528252299605774,1786464000000,False,False,False,-0.0370967741935484,15-20%
GMEUSDT,-0.18396846254927723,1786550400000,False,False,False,-0.03864734299516903,15-20%
GMEUSDT,-0.18396846254927723,1786636800000,False,False,False,-0.03864734299516903,15-20%
GMEUSDT,-0.17520805957074026,1786723200000,False,False,False,-0.04885820499203386,15-20%
GMEUSDT,-0.17696014016644768,1786809600000,False,False,False,-0.04683342203299623,15-20%
GMEUSDT,-0.18747262374069196,1786896000000,False,False,False,-0.0345013477088949,15-20%
GMEUSDT,-0.19929916776171697,1786982400000,False,False,False,-0.020240700218818408,15-20%
GMEUSDT,-0.2023653088042049,1787068800000,False,False,False,-0.016474464579901205,20-30%
GMEUSDT,-0.2155059132720104,1787155200000,False,False,False,0.001116694584031297,20-30%
GMEUSDT,-0.2028033289531318,1787241600000,False,False,False,-0.014835164835164782,20-30%
GMEUSDT,-0.20017520805957056,1787328000000,False,False,False,-0.01807228915662662,20-30%
GMEUSDT,-0.19360490582566792,1787414400000,False,False,False,-0.02607278652906031,15-20%
GMEUSDT,-0.20718353044240023,1787500800000,False,False,False,-0.00939226519337022,20-30%
GMEUSDT,-0.21112571178274187,1787587200000,False,False,False,-0.004441976679622539,20-30%
GMEUSDT,-0.2146298729741568,1787673600000,False,False,False,0.001673173452314547,20-30%
GMEUSDT,-0.2133158125273762,1787760000000,False,False,False,0.0050111358574609355,20-30%
GMEUSDT,-0.2019272886552781,1787846400000,False,False,False,-0.00933040614709102,20-30%
GMEUSDT,-0.20937363118703456,1787932800000,False,False,False,0.007756232686980669,20-30%
GMEUSDT,-0.2032413491020586,1788019200000,False,False,False,0.01814183617372178,20-30%
GMEUSDT,-0.1791502409110819,1788105600000,False,False,False,-0.011739594450373425,15-20%
GMEUSDT,-0.18878668418747258,1788192000000,False,False,False,0.013498920086393085,15-20%
GMEUSDT,-0.17520805957074026,1788278400000,False,False,False,-0.0031864046733934837,15-20%
GMEUSDT,-0.15472527472527475,1788364800000,False,False,False,-0.023920956838273555,15-20%
GMEUSDT,-0.1525873507297656,1788451200000,False,False,False,-0.02035490605427981,15-20%
GMEUSDT,-0.14928698752228164,1788537600000,False,False,False,-0.01676270298585647,10-15%
GMEUSDT,-0.14527629233511596,1788624000000,False,False,False,-0.02137643378519294,10-15%
GMEUSDT,-0.1466131907308379,1788710400000,False,False,False,-0.01984334203655347,10-15%
GMEUSDT,-0.16354723707664887,1788796800000,False,False,False,0.06393180607352145,15-20%
GMEUSDT,-0.11007130124777198,1788883200000,False,False,False,0.013019529293941012,10-15%
GLWUSDT,-0.2752835171663819,1783872000000,False,False,False,-0.34533762057877815,20-30%
GLWUSDT,-0.26751592356687903,1783958400000,False,False,False,-0.35227995758218456,20-30%
GLWUSDT,-0.33128786701879764,1784044800000,False,False,False,-0.2905099314670694,30%+
GLWUSDT,-0.38636010563927303,1784131200000,False,False,False,-0.22683544303797476,30%+
GLWUSDT,-0.38915643933509403,1784217600000,False,False,False,-0.2232960325534079,30%+
GLWUSDT,-0.4135466832375331,1784304000000,False,False,False,-0.1909933774834437,30%+
GLWUSDT,-0.3798741649836882,1784390400000,False,False,False,-0.23492202668002748,30%+
GLWUSDT,-0.39478794469473355,1784476800000,False,False,False,-0.21606879291535652,30%+
GLWUSDT,-0.37230076122417277,1784563200000,False,False,False,-0.2441529513674051,30%+
GLWUSDT,-0.38472891098337747,1784649600000,False,False,False,-0.22888524176240366,30%+
GLWUSDT,-0.390515768215007,1784736000000,False,False,False,-0.2215637545402409,30%+
GLWUSDT,-0.4087307752058412,1784822400000,False,False,False,-0.19758276405675257,30%+
GLWUSDT,-0.4290818704365388,1784908800000,False,False,False,-0.16897959183673472,30%+
GLWUSDT,-0.42244057790896383,1784995200000,False,False,False,-0.17853540447851535,30%+
GLWUSDT,-0.45867640205064475,1785081600000,False,False,False,-0.12354713732242784,30%+
GLWUSDT,-0.5255553829423645,1785168000000,False,False,False,0.034462999345121315,30%+
GLWUSDT,-0.509204598415411,1785254400000,False,False,False,0.06291050091002592,30%+
GLWUSDT,-0.478328413857387,1785340800000,False,False,False,0.01622989874925551,30%+
GLWUSDT,-0.45576355445083117,1785427200000,False,False,False,-0.025904517233997004,30%+
GLWUSDT,-0.46986173683392884,1785513600000,False,False,False,0.01838827838827828,30%+
GLWUSDT,-0.4601134068665528,1785600000000,False,False,False,0.04179555427667081,30%+
GLWUSDT,-0.4344026720521983,1785686400000,False,False,False,-0.0055620407882991385,30%+
GLWUSDT,-0.390205064471027,1785772800000,False,False,False,-0.07763836698299476,30%+
GLWUSDT,-0.3845347211433898,1785859200000,False,False,False,-0.08613617719442168,30%+
GLWUSDT,-0.37940810936771796,1785945600000,False,False,False,-0.0936854621690969,30%+
GLWUSDT,-0.3493863601056393,1786032000000,False,False,False,-0.13550620821394466,30%+
GLWUSDT,-0.3503573093055772,1786118400000,False,False,False,-0.13421414479583915,30%+
GLWUSDT,-0.34794935528973137,1786204800000,False,False,False,-0.13741140032163912,30%+
GLWUSDT,-0.36608668634457053,1786291200000,False,False,False,-0.11273128293101342,30%+
GLWUSDT,-0.38263166071151156,1786377600000,False,False,False,-0.08895319577252148,30%+
GLWUSDT,-0.3498524157216095,1786464000000,False,False,False,-0.13488649940262853,30%+
GLWUSDT,-0.3586686344570452,1786550400000,False,False,False,-0.12299400472355115,30%+
GLWUSDT,-0.3599114494329657,1786636800000,False,False,False,-0.12129118378739157,30%+
GLWUSDT,-0.3536973745533635,1786723200000,False,False,False,-0.12973979929090806,30%+
GLWUSDT,-0.35241572160944545,1786809600000,False,False,False,-0.13146215665107364,30%+
GLWUSDT,-0.31994718036352343,1786896000000,False,False,False,-0.1729297544260423,30%+
GLWUSDT,-0.37773807674382476,1786982400000,False,False,False,-0.0961178379727875,30%+
GLWUSDT,-0.4043809227901196,1787068800000,False,False,False,-0.05568596765779876,30%+
GLWUSDT,-0.41350784526953555,1787155200000,False,False,False,-0.04099066287000863,30%+
GLWUSDT,-0.4160711511573715,1787241600000,False,False,False,-0.03678084469570997,30%+
GLWUSDT,-0.4187898089171975,1787328000000,False,False,False,-0.03227530905446052,30%+
GLWUSDT,-0.41603231318937395,1787414400000,False,False,False,-0.03684490555998954,30%+
GLWUSDT,-0.43618921858008397,1787500800000,False,False,False,-0.002410966453123886,30%+
GLWUSDT,-0.42764486562063075,1787587200000,False,False,False,-0.017303386035149693,30%+
GLWUSDT,-0.4180907254932422,1787673600000,False,False,False,-0.03343789628245353,30%+
GLWUSDT,-0.41012894205375183,1787760000000,False,False,False,-0.04648406636818547,30%+
GLWUSDT,-0.42146962870902593,1787846400000,False,False,False,-0.02779269602577883,30%+
GLWUSDT,-0.4218580083890011,1787932800000,False,False,False,-0.02713959424963064,30%+
GLWUSDT,-0.3250439248547101,1788019200000,False,False,False,-0.03337338139100254,30%+
GLWUSDT,-0.296783416726233,1788105600000,False,False,False,-0.01863522396150974,20-30%
GLWUSDT,-0.30655229926137706,1788192000000,False,False,False,-0.004810335349093031,30%+
GLWUSDT,-0.30988801524898735,1788278400000,False,False,False,0.007112277309763826,30%+
GLWUSDT,-0.30497974743864664,1788364800000,False,False,False,0.044772026054165304,30%+
GLWUSDT,-0.23946895587941708,1788451200000,False,False,False,0.003346895918099335,20-30%
GLWUSDT,-0.2287242092518792,1788537600000,False,False,False,0.005363333115311786,20-30%
GLWUSDT,-0.2245876002623215,1788624000000,False,False,False,0.018411293995185707,20-30%
GLWUSDT,-0.21031125460323863,1788710400000,False,False,False,0.05755717388526915,20-30%
GLWUSDT,-0.1097150667647987,1788796800000,False,False,False,-0.02243873634484783,10-15%
GLWUSDT,-0.11334244558931761,1788883200000,False,False,False,-0.018439464010435058,10-15%
RDDTUSDT,-0.11324786324786318,1784217600000,False,False,False,-0.2433187294633078,10-15%
RDDTUSDT,-0.13446969696969702,1784304000000,False,False,False,-0.22476575211804972,10-15%
RDDTUSDT,-0.12514568764568756,1784390400000,False,False,False,-0.2330280321953928,10-15%
RDDTUSDT,-0.09625097125097126,1784476800000,False,False,False,-0.25754970445996783,8-10%
RDDTUSDT,-0.10241841491841486,1784563200000,False,False,False,-0.25244819563923615,10-15%
RDDTUSDT,-0.17895299145299148,1784649600000,False,False,False,-0.18276453539953874,15-20%
RDDTUSDT,-0.1652097902097901,1784736000000,False,False,False,-0.19621873182082616,15-20%
RDDTUSDT,-0.1751651126651126,1784822400000,False,False,False,-0.1865175154548131,15-20%
RDDTUSDT,-0.1846348096348096,1784908800000,False,False,False,-0.1770696843359143,15-20%
RDDTUSDT,-0.17987567987567987,1784995200000,False,False,False,-0.18184509711037433,15-20%
RDDTUSDT,-0.12349456099456091,1785081600000,False,False,False,-0.2344728239791679,10-15%
RDDTUSDT,-0.13524669774669773,1785168000000,False,False,False,-0.22406918627506045,10-15%
RDDTUSDT,-0.12242618492618484,1785254400000,False,False,False,-0.23540479220851096,10-15%
RDDTUSDT,-0.13175019425019419,1785340800000,False,False,False,-0.22719391464847027,10-15%
RDDTUSDT,-0.32901126651126655,1785427200000,False,False,False,0.011652312368821027,30%+
RDDTUSDT,-0.3211926961926962,1785513600000,False,False,False,0.017312920303333756,30%+
RDDTUSDT,-0.3094405594405595,1785600000000,False,False,False,0.019620253164557067,30%+
RDDTUSDT,-0.2616550116550116,1785686400000,False,False,False,-0.0463693764798736,20-30%
RDDTUSDT,-0.21998834498834496,1785772800000,False,False,False,-0.09731042211430707,20-30%
RDDTUSDT,-0.24718337218337205,1785859200000,False,False,False,-0.06470132886079216,20-30%
RDDTUSDT,-0.2570415695415694,1785945600000,False,False,False,-0.05229099941172621,20-30%
RDDTUSDT,-0.21590909090909083,1786032000000,False,False,False,-0.10200668896321075,20-30%
RDDTUSDT,-0.2062451437451438,1786118400000,False,False,False,-0.11293973692260617,20-30%
RDDTUSDT,-0.21144133644133645,1786204800000,False,False,False,-0.10709446976228587,20-30%
RDDTUSDT,-0.22916666666666663,1786291200000,False,False,False,-0.08656208656208642,20-30%
RDDTUSDT,-0.23076923076923073,1786377600000,False,False,False,-0.08465909090909085,20-30%
RDDTUSDT,-0.2572843822843822,1786464000000,False,False,False,-0.05198116908591599,20-30%
RDDTUSDT,-0.2483003108003108,1786550400000,False,False,False,-0.06331158343562238,20-30%
RDDTUSDT,-0.12621406371406363,1786636800000,False,False,False,-0.1941866281331629,10-15%
RDDTUSDT,-0.13587801087801088,1786723200000,False,False,False,-0.18517477801506121,10-15%
RDDTUSDT,-0.13009906759906753,1786809600000,False,False,False,-0.1905878412326243,10-15%
RDDTUSDT,-0.16530691530691533,1786896000000,False,False,False,-0.15644635792413308,15-20%
RDDTUSDT,-0.2071678321678322,1786982400000,False,False,False,-0.11190738699007707,20-30%
RDDTUSDT,-0.24057886557886554,1787068800000,False,False,False,-0.0728354009464125,20-30%
RDDTUSDT,-0.29589160839160833,1787155200000,False,False,False,0.006828057107386654,20-30%
RDDTUSDT,-0.25529331779331776,1787241600000,False,False,False,-0.04805999347896972,20-30%
RDDTUSDT,-0.2533022533022533,1787328000000,False,False,False,-0.05059833506763789,20-30%
RDDTUSDT,-0.2519425019425019,1787414400000,False,False,False,-0.052324071669696215,20-30%
RDDTUSDT,-0.2567016317016316,1787500800000,False,False,False,-0.046256370050960505,20-30%
RDDTUSDT,-0.2221250971250971,1787587200000,False,False,False,-0.08865026844799606,20-30%
RDDTUSDT,-0.23805361305361294,1787673600000,False,False,False,-0.06959847036328881,20-30%
RDDTUSDT,-0.2383449883449883,1787760000000,False,False,False,-0.06924254016832454,20-30%
RDDTUSDT,-0.24077311577311566,1787846400000,False,False,False,-0.06626583088141236,20-30%
RDDTUSDT,-0.2522824397824397,1787932800000,False,False,False,-0.05189322595310786,20-30%
RDDTUSDT,-0.24902874902874905,1788019200000,False,False,False,-0.056001034661148474,20-30%
RDDTUSDT,-0.2801573426573427,1788105600000,False,False,False,-0.015179113539769307,20-30%
RDDTUSDT,-0.286567599067599,1788192000000,False,False,False,-0.00633040637124771,20-30%
RDDTUSDT,-0.25140831390831386,1788278400000,False,False,False,-0.05300032435939028,20-30%
RDDTUSDT,-0.23101204351204352,1788364800000,False,False,False,-0.07811809283233351,20-30%
RDDTUSDT,-0.2488344988344987,1788451200000,False,False,False,-0.05624515128006213,20-30%
RDDTUSDT,-0.23634028258077255,1788537600000,False,False,False,-0.05563462284901033,20-30%
RDDTUSDT,-0.2312655086848635,1788624000000,False,False,False,-0.05758553905745656,20-30%
RDDTUSDT,-0.2299751861042184,1788710400000,False,False,False,-0.05916473317865434,20-30%
RDDTUSDT,-0.23404466501240695,1788796800000,False,False,False,-0.05416612673318655,20-30%
RDDTUSDT,-0.2755334987593052,1788883200000,False,False,False,0.05959720509658872,20-30%
CPNGUSDT,-0.10306965761511222,1788451200000,False,False,False,-0.028169014084507116,10-15%
CPNGUSDT,-0.0991145218417947,1788537600000,False,False,False,-0.032435620208374205,8-10%
CPNGUSDT,-0.1014167650531288,1788624000000,False,False,False,-0.029956641702798548,10-15%
CPNGUSDT,-0.0959268004722551,1788710400000,False,False,False,-0.035847208619000925,8-10%
CPNGUSDT,-0.12567886658795757,1788796800000,False,False,False,-0.0030382823577070894,10-15%
CPNGUSDT,-0.12833530106257385,1788883200000,False,False,False,0.00013544629554385068,10-15%
IBMUSDT,-0.30495176848874594,1783958400000,False,False,False,-0.04112694300518127,30%+
IBMUSDT,-0.307427652733119,1784044800000,False,False,False,-0.03769905752356184,30%+
IBMUSDT,-0.3146945337620579,1784131200000,False,False,False,-0.027494956130061365,30%+
IBMUSDT,-0.3176205787781351,1784217600000,False,False,False,-0.023324851569126337,30%+
IBMUSDT,-0.322347266881029,1784304000000,False,False,False,-0.016512455516014213,30%+
IBMUSDT,-0.30897106109324757,1784390400000,False,False,False,-0.0355497650179144,30%+
IBMUSDT,-0.3189067524115756,1784476800000,False,False,False,-0.0214805023132848,30%+
IBMUSDT,-0.32070739549839233,1784563200000,False,False,False,-0.0188866799204771,30%+
IBMUSDT,-0.3237299035369775,1784649600000,False,False,False,-0.014501711677443851,30%+
IBMUSDT,-0.33353697749196143,1784736000000,False,False,False,0.021469580740097305,30%+
IBMUSDT,-0.3102893890675241,1784822400000,False,False,False,-0.012960372960373001,30%+
IBMUSDT,-0.3192282958199357,1784908800000,False,False,False,0.0009446438692612968,30%+
IBMUSDT,-0.3185852090032155,1784995200000,False,False,False,0.022697244243110593,30%+
IBMUSDT,-0.3031189710610933,1785081600000,False,False,False,0.01702579246066538,30%+
IBMUSDT,-0.27424437299035365,1785168000000,False,False,False,-0.02343715387001033,20-30%
IBMUSDT,-0.2706109324758842,1785254400000,False,False,False,-0.028301886792452935,20-30%
IBMUSDT,-0.28643086816720265,1785340800000,False,False,False,-0.006759192501802458,20-30%
IBMUSDT,-0.2912540192926045,1785427200000,False,False,False,0.013202068777788067,20-30%
IBMUSDT,-0.2818971061093247,1785513600000,False,False,False,0.0038060269556261517,20-30%
IBMUSDT,-0.2791639871382636,1785600000000,False,False,False,0.015077170131144513,20-30%
IBMUSDT,-0.2682958199356913,1785686400000,False,False,False,0.00993144665143264,20-30%
IBMUSDT,-0.2553376205787782,1785772800000,False,False,False,-0.007642817047368244,20-30%
IBMUSDT,-0.24196141479099675,1785859200000,False,False,False,-0.02515376458112406,20-30%
IBMUSDT,-0.24951768488745973,1785945600000,False,False,False,-0.015338474721508177,20-30%
IBMUSDT,-0.24241157556270088,1786032000000,False,False,False,-0.0245745087220407,20-30%
IBMUSDT,-0.23607717041800635,1786118400000,False,False,False,-0.03266268204394318,20-30%
IBMUSDT,-0.23533762057877816,1786204800000,False,False,False,-0.03359825070434386,20-30%
IBMUSDT,-0.23437299035369774,1786291200000,False,False,False,-0.03481584141783223,20-30%
IBMUSDT,-0.2280064308681672,1786377600000,False,False,False,-0.042775625806989126,20-30%
IBMUSDT,-0.24700964630225075,1786464000000,False,False,False,-0.018618156973268518,20-30%
IBMUSDT,-0.24665594855305473,1786550400000,False,False,False,-0.019078919288061824,20-30%
IBMUSDT,-0.24434083601286172,1786636800000,False,False,False,-0.02208416663120716,20-30%
IBMUSDT,-0.2457877813504823,1786723200000,False,False,False,-0.020208049113233373,20-30%
IBMUSDT,-0.24376205787781347,1786809600000,False,False,False,-0.02283260342701643,20-30%
IBMUSDT,-0.2610289389067524,1786896000000,False,False,False,0.0012183447915761203,20-30%
IBMUSDT,-0.2547266881028939,1786982400000,False,False,False,-0.007248252653378251,20-30%
IBMUSDT,-0.235176848874598,1787068800000,False,False,False,-0.032624232741949144,20-30%
IBMUSDT,-0.23620578778135048,1787155200000,False,False,False,-0.031321040666835054,20-30%
IBMUSDT,-0.23209003215434088,1787241600000,False,False,False,-0.0365128548697764,20-30%
IBMUSDT,-0.23961414790996793,1787328000000,False,False,False,-0.026979025710419435,20-30%
IBMUSDT,-0.23964630225080386,1787414400000,False,False,False,-0.02693787795492031,20-30%
IBMUSDT,-0.24797427652733117,1787500800000,False,False,False,-0.0161621344279117,20-30%
IBMUSDT,-0.25,1787587200000,False,False,False,-0.013504823151125445,20-30%
IBMUSDT,-0.26012861736334403,1787673600000,False,False,False,0.0017383746197305872,20-30%
IBMUSDT,-0.23305466237942118,1787760000000,False,False,False,-0.033624014757672405,20-30%
IBMUSDT,-0.2392604501607717,1787846400000,False,False,False,-0.025740732913479003,20-30%
IBMUSDT,-0.24067524115755623,1787932800000,False,False,False,-0.023925471098877882,20-30%
IBMUSDT,-0.24009646302250798,1788019200000,False,False,False,-0.024668895188930784,20-30%
IBMUSDT,-0.24572347266881023,1788105600000,False,False,False,-0.017392787108875485,20-30%
IBMUSDT,-0.2541800643086817,1788192000000,False,False,False,-0.006251347273119157,20-30%
IBMUSDT,-0.2588424437299035,1788278400000,False,False,False,0.006117136659435918,20-30%
IBMUSDT,-0.24398713826366558,1788364800000,False,False,False,-0.013652602926165436,20-30%
IBMUSDT,-0.24511254019292605,1788451200000,False,False,False,-0.012182135707287989,20-30%
IBMUSDT,-0.24524115755627018,1788537600000,False,False,False,-0.01201380309291522,20-30%
IBMUSDT,-0.21920633336659678,1788624000000,False,False,False,-0.01201380309291522,20-30%
IBMUSDT,-0.20864452029333258,1788710400000,False,False,False,-0.009651108169278722,20-30%
IBMUSDT,-0.20790354532413413,1788796800000,False,False,False,8.624035186066692e-05,20-30%
IBMUSDT,-0.20783523464717524,1788883200000,False,False,False,0.024533264347001316,20-30%
STXSTOCKUSDT,-0.2305659703624353,1783872000000,False,False,False,-0.1327037312047522,20-30%
STXSTOCKUSDT,-0.21438136047134448,1783958400000,False,False,False,-0.15057099028464294,20-30%
STXSTOCKUSDT,-0.2841903231565792,1784044800000,False,False,False,-0.06773087235767294,20-30%
STXSTOCKUSDT,-0.32246920192822714,1784131200000,False,False,False,-0.015059883789873219,30%+
STXSTOCKUSDT,-0.31368505623995724,1784217600000,False,False,False,-0.027666133374956048,30%+
STXSTOCKUSDT,-0.30599892876272106,1784304000000,False,False,False,-0.038434822875665686,30%+
STXSTOCKUSDT,-0.30763256561328334,1784390400000,False,False,False,-0.03616601554945276,30%+
STXSTOCKUSDT,-0.2735225852526335,1784476800000,False,False,False,-0.08142049643647087,20-30%
STXSTOCKUSDT,-0.20831994286734512,1784563200000,False,False,False,-0.15707455685354754,20-30%
STXSTOCKUSDT,-0.182690590965899,1784649600000,False,False,False,-0.18350718147561573,15-20%
STXSTOCKUSDT,-0.17914658096768443,1784736000000,False,False,False,-0.18703236471202367,15-20%
STXSTOCKUSDT,-0.20682913765399036,1784822400000,False,False,False,-0.1586588783468954,20-30%
STXSTOCKUSDT,-0.25884663452954837,1784908800000,False,False,False,-0.09960975139718642,20-30%
STXSTOCKUSDT,-0.24822353151222998,1784995200000,False,False,False,-0.11233286626926642,20-30%
STXSTOCKUSDT,-0.2839135868594894,1785081600000,False,False,False,-0.06809115388451181,20-30%
STXSTOCKUSDT,-0.332672737011248,1785168000000,False,False,False,0.02015945635016192,30%+
STXSTOCKUSDT,-0.3192197821817533,1785254400000,False,False,False,0.041672676728603086,30%+
STXSTOCKUSDT,-0.2481967505802536,1785340800000,False,False,False,-0.05673438854388069,20-30%
STXSTOCKUSDT,-0.2337082663810034,1785427200000,False,False,False,-0.07456896551724135,20-30%
STXSTOCKUSDT,-0.24409034101053384,1785513600000,False,False,False,-0.06185859206159883,20-30%
STXSTOCKUSDT,-0.24276022138903774,1785600000000,False,False,False,-0.06350647207224203,20-30%
STXSTOCKUSDT,-0.2761649705409748,1785686400000,False,False,False,-0.020287602979626174,20-30%
STXSTOCKUSDT,-0.22934297446884488,1785772800000,False,False,False,-0.07981095576225827,20-30%
STXSTOCKUSDT,-0.22151401535440107,1785859200000,False,False,False,-0.08906497259362889,20-30%
STXSTOCKUSDT,-0.22717371897875382,1785945600000,False,False,False,-0.0823938455851777,20-30%
STXSTOCKUSDT,-0.2769594715229423,1786032000000,False,False,False,-0.019211062411260027,20-30%
STXSTOCKUSDT,-0.2778610962328155,1786118400000,False,False,False,-0.017986500852968157,20-30%
STXSTOCKUSDT,-0.2770665952508481,1786204800000,False,False,False,-0.019065729844535362,20-30%
STXSTOCKUSDT,-0.27434386716657744,1786291200000,False,False,False,-0.022746284814486817,20-30%
STXSTOCKUSDT,-0.27054990180324945,1786377600000,False,False,False,-0.02782910919927062,20-30%
STXSTOCKUSDT,-0.21300660596322085,1786464000000,False,False,False,-0.09891219274265817,20-30%
STXSTOCKUSDT,-0.1849044813426174,1786550400000,False,False,False,-0.12997908156001192,15-20%
STXSTOCKUSDT,-0.15095518657382612,1786636800000,False,False,False,-0.16476711176532444,15-20%
STXSTOCKUSDT,-0.13764506338153903,1786723200000,False,False,False,-0.1776586163704309,10-15%
STXSTOCKUSDT,-0.13542224602749509,1786809600000,False,False,False,-0.17977284460505938,10-15%
STXSTOCKUSDT,-0.11808605606141764,1786896000000,False,False,False,-0.19589642886063652,10-15%
STXSTOCKUSDT,-0.18386895197286202,1786982400000,False,False,False,-0.1310829878695733,15-20%
STXSTOCKUSDT,-0.23739510801642572,1787068800000,False,False,False,-0.07009493485666118,20-30%
STXSTOCKUSDT,-0.23412783431530093,1787155200000,False,False,False,-0.07406198640914752,20-30%
STXSTOCKUSDT,-0.21686924629320758,1787241600000,False,False,False,-0.06523657672711014,20-30%
STXSTOCKUSDT,-0.18339713527643697,1787328000000,False,False,False,-0.04757394463294451,15-20%
STXSTOCKUSDT,-0.17365550866955815,1787414400000,False,False,False,-0.05880192412502072,15-20%
STXSTOCKUSDT,-0.21444306288489212,1787500800000,False,False,False,-0.009933197068647481,20-30%
STXSTOCKUSDT,-0.16857640294760712,1787587200000,False,False,False,-0.03285933429107113,15-20%
STXSTOCKUSDT,-0.14950603287715603,1787673600000,False,False,False,-0.05454523815191259,10-15%
STXSTOCKUSDT,-0.15192525710583848,1787760000000,False,False,False,-0.05184822696728464,15-20%
STXSTOCKUSDT,-0.1566928496234512,1787846400000,False,False,False,-0.04648790090263111,15-20%
STXSTOCKUSDT,-0.15925378573163818,1787932800000,False,False,False,-0.04358347680564423,15-20%
STXSTOCKUSDT,-0.160134423839987,1788019200000,False,False,False,-0.042580629609988985,15-20%
STXSTOCKUSDT,-0.171491618754555,1788105600000,False,False,False,-0.02945632254123398,15-20%
STXSTOCKUSDT,-0.16571179852619633,1788192000000,False,False,False,-0.036180099731864535,15-20%
STXSTOCKUSDT,-0.19589642886063652,1788278400000,False,False,False,0.004166719117813633,15-20%
STXSTOCKUSDT,-0.19254595513806783,1788364800000,False,False,False,0.05119719192678951,15-20%
STXSTOCKUSDT,-0.15120657543120897,1788451200000,False,False,False,0.0037565292055239397,15-20%
STXSTOCKUSDT,-0.14801805814235958,1788537600000,False,False,False,0.005869144221744227,10-15%
STXSTOCKUSDT,-0.14301765325127536,1788624000000,False,False,False,0.0015354995688789952,10-15%
STXSTOCKUSDT,-0.14170175722730582,1788710400000,False,False,False,0.025414833771655765,10-15%
STXSTOCKUSDT,-0.09949186168920554,1788796800000,False,False,False,-0.022649865674493896,8-10%
SMCIUSDT,-0.21070157962146008,1783872000000,False,False,True,-0.1355113226597432,20-30%
SMCIUSDT,-0.2122669702575779,1783958400000,False,False,True,-0.13379340246413984,20-30%
SMCIUSDT,-0.23722783549167492,1784044800000,False,False,True,-0.10544776119402988,20-30%
SMCIUSDT,-0.28233954745979783,1784131200000,False,False,True,-0.049216736069799705,20-30%
SMCIUSDT,-0.3080404155400597,1784217600000,False,False,True,-0.013902599539322158,30%+
SMCIUSDT,-0.3160950619040842,1784304000000,False,False,True,-0.0022889009113986614,30%+
SMCIUSDT,-0.31766045254020203,1784390400000,False,False,True,0.010803370317844285,30%+
SMCIUSDT,-0.3102888857264835,1784476800000,False,False,True,0.039780464655634784,30%+
SMCIUSDT,-0.28285185712252736,1784563200000,False,False,True,0.05988808191451356,20-30%
SMCIUSDT,-0.09568806033869359,1784649600000,False,False,True,-0.15947502596544239,8-10%
SMCIUSDT,-0.10952042123238936,1784736000000,False,True,True,-0.14641864032984941,10-15%
SMCIUSDT,-0.11888430340116696,1784822400000,False,True,True,-0.13734737386136053,10-15%
SMCIUSDT,-0.12264124092784967,1784908800000,False,True,True,-0.13365340945954718,10-15%
SMCIUSDT,-0.1222427778568379,1784995200000,False,True,True,-0.13404669260700386,10-15%
SMCIUSDT,-0.17674683364166777,1785081600000,False,True,True,-0.0767156439066552,15-20%
SMCIUSDT,-0.1881884161092927,1785168000000,False,True,True,-0.06370297654524415,15-20%
SMCIUSDT,-0.23990323039703998,1785254400000,False,True,True,0.04306148431064183,20-30%
SMCIUSDT,-0.20717233527821255,1785340800000,False,True,True,0.0,20-30%
SMCIUSDT,-0.20717233527821255,1785427200000,False,True,True,0.022867604824813315,20-30%
SMCIUSDT,-0.18790379962999848,1785513600000,False,True,True,-0.0014018855360460325,15-20%
SMCIUSDT,-0.17372989896114988,1785600000000,False,True,True,-0.01853191416072475,15-20%
SMCIUSDT,-0.18904226554717518,1785686400000,False,True,True,0.06791141683922386,15-20%
SMCIUSDT,-0.12241354774441437,1785772800000,False,True,True,-0.013167282869559593,10-15%
SMCIUSDT,-0.11931122812010808,1785859200000,False,True,True,-0.016643505800988945,10-15%
SMCIUSDT,-0.13396897680375686,1785945600000,False,True,True,0.01465755225450227,10-15%
SMCIUSDT,-0.12127508182723779,1786032000000,True,True,True,0.02218695342359278,10-15%
SMCIUSDT,-0.09221573929130489,1786118400000,True,True,True,-0.01053456654648055,8-10%
SMCIUSDT,-0.09597267681798771,1786204800000,True,True,True,-0.006422567137864821,8-10%
SMCIUSDT,-0.10177885299558831,1786377600000,True,True,True,0.11815963750435676,10-15%
SMCIUSDT,-0.09962530306369843,1786982400000,False,False,False,-0.04017407860737121,8-10%
SMCIUSDT,-0.0862292753410232,1787068800000,False,False,False,-0.054245283018867996,8-10%
SMCIUSDT,-0.11892341978301868,1787155200000,False,False,False,-0.019151124329432667,10-15%
SMCIUSDT,-0.09203340435432117,1787241600000,False,False,False,-0.04819959541470009,8-10%
SMCIUSDT,-0.08902113486640706,1787328000000,False,False,False,-0.05134684660465627,8-10%
SMCIUSDT,-0.09022114466240538,1787414400000,False,False,False,-0.05009556111873814,8-10%
SMCIUSDT,-0.13579702691450546,1787500800000,False,False,False,0.03224892314667893,10-15%
SMCIUSDT,-0.08679254524526725,1787846400000,False,False,False,-0.02314355439942073,8-10%
SMCIUSDT,-0.09426199397546098,1787932800000,False,False,False,-0.015087605451005848,8-10%
SMCIUSDT,-0.0876496950995519,1788019200000,False,False,False,-0.02222580125624085,8-10%
SMCIUSDT,-0.08627825533269651,1788105600000,False,False,False,-0.02369337979094077,8-10%
SMCIUSDT,-0.0965395635882742,1788192000000,False,False,False,-0.012604700333414542,8-10%
SMCIUSDT,-0.10792741165233999,1788278400000,False,False,False,0.028056882446604092,10-15%
SMCIUSDT,-0.0828986359072319,1788364800000,False,False,False,0.032151249732963016,8-10%
OKLOUSDT,-0.24783532102597616,1783872000000,False,False,False,-0.1781059947871415,20-30%
OKLOUSDT,-0.25077601699068786,1783958400000,False,False,False,-0.17488006977758386,20-30%
OKLOUSDT,-0.26678647279856227,1784044800000,False,False,False,-0.1568627450980392,20-30%
OKLOUSDT,-0.3215160921418069,1784131200000,False,False,False,-0.08885143269925344,30%+
OKLOUSDT,-0.3203724881555301,1784217600000,False,False,False,-0.09038461538461529,30%+
OKLOUSDT,-0.3313184120241791,1784304000000,False,False,False,-0.07549474712924498,30%+
OKLOUSDT,-0.3296846920437837,1784390400000,False,False,False,-0.07774798927613935,30%+
OKLOUSDT,-0.3283777160594674,1784476800000,False,False,False,-0.07954269034298211,30%+
OKLOUSDT,-0.2860643685672275,1784563200000,False,False,False,-0.1340961098398169,20-30%
OKLOUSDT,-0.25861787289658544,1784649600000,False,False,False,-0.16615249008373734,20-30%
OKLOUSDT,-0.2934161084790067,1784736000000,False,False,False,-0.12508670520231202,20-30%
OKLOUSDT,-0.32118934814572786,1784822400000,False,False,False,-0.08929001203369424,30%+
OKLOUSDT,-0.34161084790066987,1784908800000,False,False,False,-0.06104218362282865,30%+
OKLOUSDT,-0.3409573599085116,1784995200000,False,False,False,-0.06197322756569157,30%+
OKLOUSDT,-0.33523933997712796,1785081600000,False,False,False,-0.07004177930695488,30%+
OKLOUSDT,-0.3378532919457605,1785168000000,False,False,False,-0.06637058968665177,30%+
OKLOUSDT,-0.38180035941839563,1785254400000,False,False,False,0.02114164904862581,30%+
OKLOUSDT,-0.3331155040026139,1785340800000,False,False,False,-0.05340519353258211,30%+
OKLOUSDT,-0.35860153569678166,1785427200000,False,False,False,-0.015792154865002517,30%+
OKLOUSDT,-0.36039862767521647,1785513600000,False,False,False,-0.013026819923371624,30%+
OKLOUSDT,-0.3576213037085444,1785600000000,False,False,False,-0.017293997965411978,30%+
OKLOUSDT,-0.3236399281163209,1785686400000,False,False,False,-0.06666666666666665,30%+
OKLOUSDT,-0.28835157653978105,1785772800000,False,False,False,-0.11294765840220389,20-30%
OKLOUSDT,-0.29096552850841373,1785859200000,False,False,False,-0.10967741935483866,20-30%
OKLOUSDT,-0.29929750040842995,1785945600000,False,False,False,-0.09909069713219865,20-30%
OKLOUSDT,-0.2094429014866852,1786032000000,False,False,False,-0.20148791072535643,20-30%
OKLOUSDT,-0.2047051135435387,1786118400000,False,False,False,-0.20624486442070666,20-30%
OKLOUSDT,-0.20715569351413166,1786204800000,False,False,False,-0.2037914691943128,20-30%
OKLOUSDT,-0.2671132167946414,1786291200000,False,False,False,-0.13865358894337942,20-30%
OKLOUSDT,-0.24130044110439475,1786377600000,False,False,False,-0.16795865633074936,20-30%
OKLOUSDT,-0.25714752491422976,1786464000000,False,False,False,-0.15020892896415217,20-30%
OKLOUSDT,-0.2579643849044274,1786550400000,False,False,False,-0.14927344782034346,20-30%
OKLOUSDT,-0.2470184610357784,1786636800000,False,False,False,-0.1616402690388371,20-30%
OKLOUSDT,-0.26972716876327396,1786723200000,False,False,False,-0.13557046979865772,20-30%
OKLOUSDT,-0.2716876327397485,1786809600000,False,False,False,-0.133243606998654,20-30%
OKLOUSDT,-0.27413821271034144,1786896000000,False,False,False,-0.13031735313977044,20-30%
OKLOUSDT,-0.31792190818493715,1786982400000,False,False,False,-0.07449101796407187,30%+
OKLOUSDT,-0.3082829603006044,1787068800000,False,False,False,-0.0873878129428437,30%+
OKLOUSDT,-0.3260762808970372,1787155200000,False,False,False,-0.06145251396648044,30%+
OKLOUSDT,-0.279662447257384,1787241600000,False,False,False,-0.09465791940018742,20-30%
OKLOUSDT,-0.28928270042194093,1787328000000,False,False,False,-0.0824032296366658,20-30%
OKLOUSDT,-0.2293075095925452,1787414400000,False,False,False,-0.08392603129445231,20-30%
OKLOUSDT,-0.24658814731725565,1787500800000,False,False,False,-0.04119106699751851,20-30%
OKLOUSDT,-0.19218545522527575,1787587200000,False,False,False,-0.10576255496412867,15-20%
OKLOUSDT,-0.21948027668723125,1787673600000,False,False,False,-0.07449101796407187,20-30%
OKLOUSDT,-0.19685922602355577,1787760000000,False,False,False,-0.1005586592178771,15-20%
OKLOUSDT,-0.24303608151056266,1787846400000,False,False,False,-0.04569029389972834,20-30%
OKLOUSDT,-0.24696204898111795,1787932800000,False,False,False,-0.04071499503475673,20-30%
OKLOUSDT,-0.24023181903159474,1788019200000,False,False,False,-0.049212598425196874,20-30%
OKLOUSDT,-0.2242794426417255,1788105600000,False,False,False,-0.049212598425196874,20-30%
OKLOUSDT,-0.2530581039755352,1788192000000,False,False,False,-0.011258955987717423,20-30%
OKLOUSDT,-0.25649413122955544,1788278400000,False,False,False,0.04943064182194612,20-30%
OKLOUSDT,-0.21974215893784876,1788364800000,False,False,False,0.00838471023427867,20-30%
OKLOUSDT,-0.21031286210892242,1788451200000,False,False,False,0.011738811445341168,20-30%
OKLOUSDT,-0.1585464880227364,1788537600000,False,False,False,-0.0019300361881786632,15-20%
OKLOUSDT,-0.1504263093788063,1788624000000,False,False,False,-0.011469534050179253,15-20%
OKLOUSDT,-0.1376370280146163,1788710400000,False,False,False,-0.026129943502824826,10-15%
OKLOUSDT,-0.09231394875965837,1788796800000,False,False,False,-0.07325268817204311,8-10%
OKLOUSDT,-0.1307442049613664,1788883200000,False,False,False,-0.03228070175438602,10-15%
SNOWUSDT,-0.09602356406480128,1788278400000,True,True,True,0.08755294884327136,8-10%
SNOWUSDT,-0.08584699305986876,1788537600000,False,False,False,-0.014031667257473734,8-10%
SNOWUSDT,-0.09311117712187089,1788796800000,False,False,False,-0.006134055921150572,8-10%
SNOWUSDT,-0.09208500985660673,1788883200000,False,False,False,-0.007257368906338324,8-10%
ETNUSDT,-0.08150208623087618,1784131200000,False,True,True,-0.0887341005451242,8-10%
ETNUSDT,-0.09557255447380608,1785081600000,False,True,True,-0.07455724427813526,8-10%
ETNUSDT,-0.10280482151135828,1785168000000,False,True,True,-0.06709727425397238,10-15%
ETNUSDT,-0.16300417246175247,1785254400000,True,True,True,0.05818655145674079,15-20%
ETNUSDT,-0.11430227167362073,1785340800000,True,True,True,0.0271402025700751,10-15%
ETNUSDT,-0.08546566726975091,1787068800000,False,False,False,-0.07569477154969395,8-10%
ETNUSDT,-0.09698888601705857,1787155200000,False,False,False,-0.06389982110912351,8-10%
ETNUSDT,-0.0889549409838889,1787241600000,False,False,False,-0.07215471180670485,8-10%
ETNUSDT,-0.09365038338933396,1787328000000,False,False,False,-0.06734790874524721,8-10%
ETNUSDT,-0.09425346773498744,1787414400000,False,False,False,-0.06672690954056881,8-10%
ETNUSDT,-0.11391832514861722,1787500800000,False,False,False,-0.04601473054765548,10-15%
ETNUSDT,-0.10786594296545182,1787587200000,False,False,False,-0.052486721390632596,10-15%
ETNUSDT,-0.10340742655294222,1787673600000,False,False,False,-0.05719845292718673,10-15%
ETNUSDT,-0.09711811837684148,1787760000000,False,False,False,-0.06376583410863812,8-10%
ETNUSDT,-0.12365382958559479,1787846400000,False,False,False,-0.03541671787057299,10-15%
ETNUSDT,-0.12763849401223404,1787932800000,False,False,False,-0.031010814280776233,10-15%
ETNUSDT,-0.12720771947962428,1788019200000,False,False,False,-0.03148906766694648,10-15%
ETNUSDT,-0.1345524252606185,1788105600000,False,False,False,-0.023269704586745044,10-15%
ETNUSDT,-0.15469113466011886,1788192000000,False,False,False,0.005325383478571144,15-20%
ETNUSDT,-0.1501895407943482,1788278400000,False,False,False,0.003675072867824092,15-20%
ETNUSDT,-0.14706642543292836,1788364800000,False,False,False,0.028737373737373728,10-15%
ETNUSDT,-0.12255535452744026,1788451200000,False,False,False,0.009057882075703239,10-15%
ETNUSDT,-0.11460756440079256,1788537600000,False,False,False,0.001605565962001565,10-15%
ETNUSDT,-0.11318600844318072,1788624000000,False,False,False,0.0016029922522040607,10-15%
ETNUSDT,-0.11176445248556899,1788710400000,False,False,False,0.004486044763452046,10-15%
ETNUSDT,-0.10077970190402341,1788883200000,False,False,False,-0.007784617595630983,10-15%
